,a,b,chi2_shuffled,chi2_observed
0,0.8907313813100579,1.7739212819523444,44.14884600815565,44.24391202702751
1,1.3062204961467991,1.4903048837020438,452.66291080308,169.4980319639085
2,1.6535865971637405,0.5389293324386764,42.49574954522137,543.1613274895547
3,0.6668052962367559,1.3759976793264828,169.677848590375,236.745042892367
4,1.1052315740874583,1.2439557812098156,93.22676662051182,165.10704642706895
5,1.663315868538504,0.51496616027185,701.5139432372563,550.6338466953982
6,0.0205672266388587,0.9178919955794324,77.62862720950275,356.2492328293687
7,0.838095226286045,1.297131433042913,223.69318292690616,193.988625013023
8,1.597502399451678,1.5135087422237072,130.33156203609727,174.7691467316785
9,0.3304939863778136,0.8745564421557939,799.2935449263575,224.48845736298844
10,0.0962940885641709,1.890658265036787,963.593856773349,505.5198270224439
11,0.1197409779453018,0.774220409827449,42.707101853762346,273.4629951203348
12,0.6875685829401954,1.3929094224232004,138.93712550163542,237.46927872228105
13,0.9999827747465232,1.683204303088043,279.34605957578543,221.64456729909625
14,0.6804481565908955,1.0610988861190875,0.0,185.40171278696937
15,0.693864398216314,1.6356422911998387,1005.0320870472249,272.2871127078559
16,0.7297260389700999,0.8490596697834243,114.6545150008726,166.79332294114627
17,1.552255432016843,1.7019879899274388,96.88664005236328,164.5112439517774
18,1.4260149888242324,0.4841972175922937,493.2279766995219,510.5745331570698
19,1.065905106752443,1.5167138280749433,721.7075420723971,188.45071299984926
20,1.97311605523083,0.7220739956654632,401.62724942623265,511.92909695233334
21,1.8570942117243656,1.5309885647174966,204.88385679208065,205.23316387329933
22,1.3666940094306426,0.6604961384543322,395.9850162243872,375.8122558776972
23,1.4643081699841591,1.9298847333463949,205.3744269135613,182.72273537509525
24,1.311455288828701,0.8810535597411828,288.8128550169157,260.99674319977424
25,0.8195046821660967,1.268383749017966,155.3341598622135,192.65673399793263
26,0.5885787731013465,0.4388948060513143,421.65672847907973,251.0104694801595
27,0.7814452471934508,0.6982015774009145,220.21600290698277,198.4957998928879
28,1.1755856692904678,1.9204840143765936,191.263051371472,218.8217607970107
29,1.639799648107955,0.9110543452438344,436.53118463719113,321.5530478415167
30,0.8747330802559856,1.0178006868779588,272.6485562472865,168.87163755338344
31,0.0133082945290636,0.8426766088346711,301.56092221097305,350.76443773752413
32,1.7490271265060942,1.688555789338525,141.1098895583841,179.23793112083234
33,0.1691300508876914,0.7048948745741781,664.1247073023717,244.89874962117958
34,1.429605758743254,1.025653860264542,93.80881427080757,244.62623185256993
35,1.0349334699981088,1.72620015227585,41.2826947160456,218.0912029995723
36,1.3879156674386,1.0448186471536378,253.57293597837136,228.24658132336435
37,0.31607598746484,1.8701875298650728,214.39823343780245,428.6975949002555
38,1.438402545269898,1.4485221922855005,298.8094882707288,171.35057928789305
39,0.619706169260803,1.5488266815982434,282.9732226581584,283.5952498656252
40,1.979370725705875,1.018817264404643,764.6919271525281,361.83086334358575
41,1.4014818903740467,0.93508555394297,93.20084762885651,268.2629598636245
42,0.8088192804828582,1.9321364336229128,346.7459887048548,295.73521897301333
43,1.215364474373545,1.7812317222208336,177.410046741412,197.7705348787314
44,0.0898873565191191,1.2291222500493617,254.37989342590532,401.91723107561415
45,1.714678672990913,0.9620061741520712,109.80904039733254,324.72554563426155
46,1.2921414559452122,1.1434691649438438,395.42765520672833,195.79609227453793
47,1.974438806616344,1.5793722120471525,151.74048431968419,209.70251487741282
48,0.1364796663966643,0.8248620605715544,672.5328038740146,287.8038845316578
49,1.3281429919028584,0.9876308071439924,79.9931985447235,229.80695621845248
50,0.9217799284721616,1.438143349424888,131.20202242290705,195.75652170914552
51,0.363639658876969,0.6818944878548923,65.51799180578212,181.56728442167648
52,1.5505214983380151,1.1616059541996773,317.8030748251034,229.78583275899865
53,0.954015587736341,1.4607481268442692,811.1561305558849,199.17355122409356
54,1.3712301398276177,0.6455163140607326,65.96926317194298,381.81515832796373
55,0.4154773006422629,0.54873626290757,237.47569656895809,170.60107570341975
56,1.146804567720786,0.9015024996858668,226.51535983269784,223.80235455992047
57,1.521391644670827,0.2227894615394125,586.832248691841,857.1532839347585
58,1.1516485710763404,0.8689972123618392,421.0912911440053,235.57812399272495
59,0.3653447032406836,0.7645084444894075,108.13532025315963,194.81722744669247
60,0.0644511273032841,1.096893701142546,255.95553783875172,384.3034924749245
61,0.7279716024434049,1.282807669774995,238.48126173186392,209.53154866863795
62,1.8352956163539844,1.3758213554821292,655.73118267814,231.65417700244905
63,0.7153644719318257,0.26981113246683,524.7644392361722,429.19475806193117
64,1.2877763967867109,0.601648383555506,65.81650934465723,375.5516265406574
65,1.452316717162048,0.3397572049983004,699.5387862810703,647.1867333235394
66,1.1935807765599793,0.986449017459592,479.8012291914494,211.4846470219105
67,1.392927966155811,0.7905468881664504,268.05814548503923,316.8663109207933
68,1.4810373886734478,1.8888724000144328,489.4977589377169,178.3198192137674
69,1.013491065811057,1.4443958166432669,91.94108999505765,181.73339280956736
70,1.8784479242458216,0.4988971612398204,1132.910482119322,647.9683899088487
71,0.6368621368771121,0.6071664593402388,296.5978370607165,197.6239585221165
72,0.619673383314882,0.6336318091906565,48.17052043073864,186.93449984132528
73,0.5723420188330621,0.7201856367617465,131.66711326760412,169.65080365037977
74,1.376323381511299,0.992871388049879,177.66715228574594,240.82709526920064
75,1.6287874028366405,0.3609427441580618,136.69747394608044,697.7682871811243
76,0.8911937339476084,1.840629256290436,0.0,268.8698130661015
77,1.023799524462972,1.2541480520719834,283.97396431189964,166.2610951471137
78,1.2448993418599636,1.7004896171050796,223.10516037004487,185.0740714394564
79,1.7894843471851358,0.6617804221408692,361.08657212273096,489.5813629861185
80,1.919852939163318,0.8766138216805943,420.5793997568995,405.3352386920411
81,0.0074940495725566,1.6222563805087795,692.8934195529209,513.996136999034
82,1.0326484355351702,1.9225775144471493,616.2312479829625,249.29181465845573
83,0.5242907842379585,0.6067032522426411,194.05845885927363,176.51632888210992
84,1.8342851139154803,1.413412101161583,332.04891637384634,223.1354525883997
85,0.649624998264114,1.2111412921798377,138.87335537892181,218.1604148730351
86,0.3623715143932899,1.7330787433537618,757.4491778661375,391.23751185798835
87,1.8847502154647668,1.3808174878264017,123.88967780808625,235.52144284631314
88,0.9821054722064076,1.720231740037752,80.73379154134022,230.96120340490683
89,0.6211387741588357,0.2735233254475436,688.9656487376608,381.5609900718674
90,0.167822031755525,0.9576198402868512,586.5501383228325,311.02141284298585
91,1.0883366387619942,1.757237107810995,108.04915626000445,212.17663733715426
92,1.5718116378266345,0.2503683567068773,906.819894867113,830.7482955659043
93,1.8513046807949565,0.2517550595481741,752.6600160130923,939.4115779641716
94,0.9842495436209532,1.0038318713811698,143.30446076306256,172.9128198983482
95,1.9995268914559443,0.5528399578356002,419.4448406854695,631.890207483747
96,0.3457696461186008,0.934685014943568,335.72885020162795,235.03910254995264
97,1.318187278949592,1.7432352153624002,65.7610790944881,180.84155154645782
98,0.8241282294430068,0.7291392398829017,533.2563055143919,201.99306025015053
99,1.660204827820409,0.3348103861696571,674.7013068321332,735.7544318428614
100,1.3034141697087591,0.8086138970898169,360.79062328185495,280.19416885947214
101,0.9678911016497448,0.8907494636557576,288.76866757266595,185.52077661567478
102,1.3059127131252246,0.8514627947767859,679.0579584845246,271.23175693591116
103,0.0038871189290614,1.5159683278557905,1175.1065918605693,489.77308870095396
104,0.2010978988302487,1.2042175763024734,779.1060210283624,351.67897109959273
105,0.7391520701310226,0.7929246916554329,506.25115379506127,170.56358321089613
106,1.0032381137459148,0.8228291329774335,514.2529375921855,213.01597988515948
107,1.359936044011519,1.2276315928156811,269.704582515238,192.42960872538538
108,1.879423036387428,0.6232508416209446,266.7795606173673,552.4531299995197
109,1.503432833297663,0.5778192152910128,357.93868837133374,467.59639088067934
110,0.5916705006115992,1.958918321664315,136.53793578773815,352.73576009203316
111,1.2801274289751057,1.5296821965716436,198.74768977285078,169.39673758515235
112,0.1830191206530922,1.9827892213108596,213.1553678736387,487.7873595237522
113,1.6973415285965914,0.640304399045632,361.01757807265045,490.6425209130634
114,1.3756563171321416,0.2313092382595473,847.7795046557807,772.0431178920886
115,1.9755277503123216,1.0658853730826994,401.16340758564644,352.07195297667363
116,1.655193802679397,1.784434342789167,157.6965617721764,167.48211987403695
117,1.7465718363576808,1.1122658792316673,360.4753075003188,276.78593028170434
118,0.1947401265384969,0.9455965560455456,359.1695287541547,293.7980940254084
119,1.7543681809827365,1.0068623402856658,522.9356111420797,318.88845775297085
120,0.7752884223448866,1.3843734932062437,224.61374902341902,219.44255277631345
121,1.803705072931576,1.775620462254843,449.42549274183864,171.04722353712816
122,0.8329686114850723,0.2889480177218795,562.664302167186,469.2470278222147
123,0.3865273839085914,1.7196685919844144,57.828582090365614,378.88621349823956
124,1.3392486997730524,1.5526050939577094,49.92427958644703,168.2357382508001
125,1.231928726188486,0.930363642716722,501.7928532950303,232.89855099468087
126,0.9799626488774216,1.171286785816113,40.06997673687633,165.15988318622584
127,1.8129560850685056,0.8371982430707339,278.51732669892147,402.63868908012046
128,0.7641477074493248,0.3899400440099432,284.5523908086242,351.3431646578642
129,1.5267202427827231,1.881779070928188,81.95170650245477,175.11029003144094
130,0.3403221697321346,1.8031713266700065,190.849418211417,405.39034979020886
131,0.6839281497177694,1.2337530379968549,50.473581828108045,210.20008635039696
132,1.9117150002516443,0.353402761114081,1056.841688357299,809.0439796516864
133,1.500096377108722,0.458036842410485,678.0538392039239,556.7568362169706
134,0.9056635417469708,0.86983332612197,120.46116445459064,180.87264401721526
135,1.7007671511789926,1.569419102669803,58.381066877808,182.6382448623275
136,0.8115014334244899,1.4831524576529245,246.4212391239222,225.95150131523616
137,0.7807482118453817,1.346431628922769,90.92026993922674,209.50312184234025
138,0.1671084708607828,0.2420069770052731,234.34782061316028,215.1958191966942
139,0.7485535587365284,1.7024396130170736,562.8403478516844,274.6151023019927
140,1.1202991701611096,1.7659044997293052,200.46132492434654,211.81636753519976
141,1.809206506532981,0.2253811829343427,1035.7939313882898,953.8076286338296
142,1.3757499277724468,0.6008797490931929,45.098800381158505,412.2747171169732
143,1.6112415714770183,1.0638636959561285,410.248186175209,267.58137986485485
144,1.659585738651738,1.3554875098110777,629.5495104568556,210.20130516824977
145,1.0107723913164517,0.470215826546394,626.461193294295,376.34055191761314
146,1.7770088723653996,1.1515490231472023,280.4995568209498,272.9873857643462
147,1.406245232135277,1.7194455825340942,222.81553694564874,175.360498621627
148,0.802607251250649,1.5723850981509593,234.65676645265313,239.73422667187015
149,1.0752855440730988,0.8736842586687441,604.7482607969033,205.33826044092476
150,1.3365553051630097,0.5329637838922285,406.23174241589845,452.7530995870964
151,1.1536041193632702,1.69515701133593,75.6759498658915,196.54402794133463
152,1.8626888748774768,1.1183232381275492,56.627740610000934,303.57707321434026
153,0.4387654034269588,1.764562439428592,41.17218541124685,375.5280791881345
154,0.4881717842870592,0.3783186159032076,133.26889692237782,249.70624054690126
155,1.5204483977963743,1.2030131670927968,274.6362060507367,217.14420459070976
156,1.022387641601311,0.714133449343489,175.87598153307837,256.7051518961659
157,1.8355974969124813,1.6720143401213152,131.70002766629543,186.99056103110246
158,0.2000807615990218,0.8654423008340559,714.063466906042,268.75678678234567
159,1.488622635669564,0.617166084696515,153.09457882583922,431.82934987212394
160,0.1176743804594977,1.594314699080156,715.782259015855,450.2830490678533
161,0.5768242206607059,0.6381815742406778,536.0583395492196,176.8631464495333
162,0.060134705648903,1.856275776427049,341.33510374085483,509.1867464047501
163,0.4820075267436987,1.195782286999104,520.376739934879,256.376867082874
164,0.0804589456260471,0.3695528745974227,187.28714755339584,181.40150504735317
165,1.1541039978737064,0.435090600076117,501.1190990604222,454.18549613220114
166,1.9273206362244613,0.3477461474234773,736.2416049181711,820.0677974753424
167,1.5180683139996598,1.2243761190290805,90.33328651451372,209.6636003382155
168,0.3946992427588105,0.6769296540022162,488.4952416019165,177.51734277625354
169,0.2329481430351427,1.3230370543950445,468.45383073197763,365.88405568996694
170,0.6761048658713598,1.340322484760644,307.1375050752407,229.81220613169629
171,0.3240312795863342,0.2337403035065227,151.41016304838635,292.76543207880064
172,0.4936438900397812,1.9900451578629264,292.7086019960291,388.91075458414167
173,0.5830819309095903,0.310342814123323,600.4553590451055,336.74484748254537
174,1.429801280145094,1.2376492546557702,492.6559612139618,193.9190843191972
175,1.2569300535752848,0.579269972906236,756.3804120170582,387.3717767259356
176,1.3631465999589911,0.268254715929441,392.7922900124894,706.9372496621778
177,0.4004732821410766,1.5181959051130445,871.8079402558617,344.5234473076314
178,0.2972019905694909,0.552702615191813,145.61705010216951,170.3636041440956
179,1.325593715821459,1.7743262998552194,674.6374618338353,180.17936779264352
180,1.9844622950762585,1.863156179463747,43.55658893320072,180.61336672872693
181,0.3141982829033987,0.8862897151520162,180.4164866945887,235.47036520381116
182,0.5149835958837807,1.3311812105799408,248.92376055664246,278.7746876994632
183,0.0308557417054335,1.4207849076388706,609.7785670097113,460.13891309808594
184,1.0245569168552875,0.2220059804135902,438.3885096216888,636.5675439087213
185,0.3708245477254841,0.894339406103283,55.971290367381386,217.11452625875896
186,0.7613637644918589,1.4324905761545192,151.93316420847077,235.98264031800616
187,1.2467666882059805,1.1688576594132176,98.04366318511545,176.56733502984855
188,1.305259402690979,0.4326054322772139,575.6834418278593,511.7280013156219
189,0.8197207520086356,0.8834581131287456,457.0458873601773,168.54708983112337
190,0.165811084234086,0.2974880995735394,537.9600474380485,193.33378139979604
191,1.3534198325297897,1.39713385217905,73.20093524550369,168.84012401085505
192,1.3080416324161772,0.554655608897229,281.0751647063242,416.9513947804405
193,1.689001429584453,1.522301812672706,64.75875387625005,189.2287641125831
194,0.2845387264578758,1.840461291340036,442.35276625741534,434.07066320645686
195,0.5306134793130988,1.7631604434533878,837.2386003483667,351.6545229981008
196,0.5882381457514361,0.9477376804076354,350.4847153322777,184.76116400071422
197,0.3365866220500844,1.9928605049399932,552.4155780519594,430.6180168928894
198,1.7555420714843373,1.2981901905150632,498.0820975185494,226.6795721358751
199,1.5855230536948972,1.700936856254399,161.80161956473617,165.040772728185
200,0.6232752540906907,1.0929188904156637,41.41805516829128,202.29024786685497
201,1.0919003460432637,0.2239163178511488,186.94282866357045,666.266594809224
202,0.0713432735132582,1.6335178874637388,239.0294995625039,475.8621244382668
203,1.1707299827235695,0.3399549837982468,412.3828975949107,551.3784189828386
204,1.4063736086883307,0.3401527479860236,539.1176850577867,640.9074507934583
205,1.0700666975423432,1.204270615289246,386.2470141311445,159.86512252962083
206,1.330010373612002,0.8043101888736164,328.0459470202235,299.6019954276982
207,0.6947227249714831,1.2829701462766483,115.97671662682923,216.60380727504543
208,1.126710372042878,1.2303582250086036,250.63924040810736,166.7487474727172
209,1.790455231435731,1.9792364618201328,80.84548843994725,168.84676995224254
210,1.2217254165687683,0.3834839677732411,817.3118825979341,527.8129196063892
211,0.3501043750630814,1.0418823229753316,52.04555012790303,258.7708918713813
212,0.0845596213114572,0.7950585540572916,111.39783937873267,299.31897050015385
213,0.0448483192750839,1.758003670414064,192.84728897990306,504.14327208168925
214,1.597683415079597,1.441048004511365,135.9423313657466,189.21726328980415
215,0.3084801201280682,1.5665302142321058,536.1931040700717,377.1472318671852
216,0.2950427878400186,1.7785964907694836,341.22318116748045,417.7646819402897
217,0.2424699018166596,1.8293491438022773,91.41520215482329,437.4270898808499
218,0.5116187310058822,1.3287780873701287,230.69671989244893,271.56740724691167
219,0.92280489530014,0.522281651491197,280.19776036290546,314.6849588054747
220,0.7465779815720854,1.5472666361389031,300.2856994514707,252.72104927532672
221,0.1836626465494812,0.8908580628676277,298.9013057925053,283.1790214301139
222,1.078963472586703,1.1144179598428072,510.78376966272185,173.64779263422741
223,0.4740250443418334,1.6496181205402105,239.10081476453695,339.40020553408795
224,0.333007570214717,0.932666062061534,418.83002278293475,244.84947893818264
225,1.1424549451091692,0.4660309643797745,71.99914860527092,425.997600107603
226,0.3060182243606664,1.755804632513838,55.77217222117378,411.959932010981
227,0.5428107328107641,1.307666071859955,572.8090382914514,263.1066344888387
228,0.7296392620996965,1.3626348733845397,203.55520472331486,227.6376112565785
229,0.3544792050666483,1.7403067329623938,59.34993371599129,382.4091930448731
230,0.1547257212220258,0.2008957096919732,575.4208843086966,247.325006302852
231,1.4548954486852452,1.801901629734897,107.68117812502963,171.91044276038582
232,1.4385053753392625,1.3679691319454033,860.3643880783379,176.0327436371405
233,1.537793687610725,1.6192407997093097,255.41304891028398,171.20745864322643
234,0.9623771577062784,0.7429053957525731,62.871905140040994,228.8440273401319
235,1.240579958165461,1.367496459158088,164.11467028555114,166.3000959140736
236,0.5102705957166922,1.0523136061796392,43.06065913017509,215.7073059719432
237,0.0168671863801403,0.7541559442568702,290.3178245791487,322.75699045508475
238,1.864586893837328,0.739935708118401,655.0414970959976,461.5650717400189
239,0.7843393047940319,0.3385835229909436,347.90073747267724,403.9520453728097
240,1.7688480307611878,1.7043177912597076,250.48470793881958,175.5279015701367
241,0.3336530408992142,1.6380845288158403,1155.2271205926056,380.0910753293589
242,0.441901567058959,1.188922873207251,144.16795959676904,266.738203972277
243,1.0366551918875313,1.2795506119562858,766.2759059470164,168.55656935082555
244,0.123570808234402,1.3125518171575226,444.8979415068489,398.33568400306166
245,1.5265920607866137,0.9119738404202692,80.940014993669,294.92312745725064
246,1.6980322641098315,1.711643655008683,49.816503773722786,170.37182195677605
247,0.0767477004263683,0.8103451909345856,221.41930406694678,305.87226377367693
248,1.4936375552522103,0.6561622763949284,187.26017570555268,415.9930158674134
249,0.1802898298190829,1.6736988469526386,580.2977612225844,443.54213804993634
250,1.255279663674869,1.2236604782585483,140.4360727671177,173.6872884088521
251,1.1727951176738265,1.0545028991106462,42.731674151376126,186.74094281482374
252,0.7840791896934247,0.5487278567876582,317.0612002315379,260.9463347612309
253,1.148351118203382,1.767192167753779,146.69391117980072,203.26807498418435
254,0.9210558224447952,0.8635637379056225,90.59544799676847,185.5716822095535
255,0.3884320375038217,0.5810026042434743,221.28219039388088,170.06678636194619
256,1.0400907685753105,1.3749163755110752,191.87349874528496,175.44981681907302
257,1.364863090927988,0.5046443216357908,377.2200571995604,470.20256897487275
258,0.1968571845640194,0.6861374527191465,255.6520987833548,223.46302668841983
259,0.7373155846784212,1.3651477703995012,817.2385258059188,221.2595064644205
260,1.3937112533218188,0.5252748282629369,513.6193322400007,469.1805842233533
261,0.6514315532717645,1.7823209267607265,430.85692248440563,314.38966766532235
262,0.6993523548669616,1.5825299139288829,467.5564262664921,270.3976901037787
263,0.6926819566654991,1.0856274042730587,56.0117932880314,185.3328336839427
264,0.6687739758848061,1.33652206629339,87.88156339178562,235.1245737696237
265,1.7632120399096471,1.765736950031095,194.67273899316186,167.2051544541343
266,0.5385418256723911,1.6763086619667062,197.49167460697296,324.4858320031062
267,0.6182192482245068,1.007317383119735,413.24666133546623,187.36989501802134
268,0.9680010706205048,1.8359480184248265,81.0078592761312,247.11236846314316
269,0.6575428437303421,1.1703452552569842,48.68495080374252,206.542364578912
270,0.4403449007273923,0.9968069093660106,622.8446347171143,222.1738339367299
271,1.9594815225070377,1.6217420983410122,279.42714560421854,203.95942440476938
272,0.8332018850930012,1.533917984679975,158.1531828652482,236.30277735704647
273,1.6703798972940684,1.048428665825346,322.25637563146546,280.04549039301077
274,1.186839051840024,1.2388592514326686,64.01799723221629,164.6461396974828
275,0.7900613057850521,1.5101647581751607,276.4488570842312,236.85267410038426
276,0.6481189377793,0.8845467167044325,103.71600920352758,171.4949513073909
277,1.6185321327330682,1.5197359284170024,114.64876669750653,179.0908092861069
278,1.5541529369488476,0.3243427320268034,404.75388242599746,717.1226421464114
279,0.0507080898783627,1.2843921640607785,259.12957745298365,422.12193020007567
280,0.9635774631248896,1.3211574701024142,92.99462724916769,179.48195835728603
281,0.1357595044919233,1.8328314114691144,622.5531550126658,476.204633910547
282,0.6855739931980147,1.3321822661590306,76.05012706971539,227.3414718581223
283,0.0287895501107033,1.2714830029866016,411.857673618702,436.4773171452835
284,0.1161230677118905,1.0149970120150773,428.0913852579301,340.88796845717303
285,1.61528753359125,0.704421279086757,217.62227961175302,421.8503940806279
286,0.6657874214688997,0.5275073798238187,261.69552595995606,232.24347178976063
287,1.3158790294481602,1.2550936278692086,50.070599548721205,176.18779192153013
288,1.652951540008497,0.6810346062287287,282.42310804270943,439.41771800108575
289,1.1185599483511086,0.6746672575311661,128.87125583799534,298.7821333247233
290,0.7182501455936605,1.890646183744061,200.17040074964922,314.8451710349178
291,1.232837834309083,0.5016109430755153,682.46230846867,430.5766999747775
292,1.6690686835963144,1.3904416646187767,760.7177199112066,206.05436100451968
293,0.1734879915850349,1.234804379505305,66.46751845787836,369.13355853083607
294,0.9678590041755704,0.5155690129912629,444.98891532706915,333.58073334916855
295,1.5326742566495126,1.894213014760465,99.25427152421206,171.5040119489355
296,0.7360746979241906,1.5212699393604237,323.69860153616077,256.8008983607721
297,1.8645997992188017,0.3840817958184876,248.648091613273,758.5673114100156
298,1.2050351587080026,1.1076735653579437,220.41589836224188,183.14439786946517
299,0.8095194534181198,1.0355595584792323,163.73733394457358,167.03429238984612
300,1.1581797184604832,1.9794592811213476,68.2245756865654,227.05402925456656
301,0.2786062383713994,0.8557163612132781,307.0423305598529,234.79814611504204
302,1.2533742409099162,0.548304444718474,598.032270196851,412.1971180611519
303,1.5005355602120565,1.4826493610876967,250.02163679676147,174.1778499128865
304,0.9785784839736044,0.2069694190378823,574.4815871392971,634.631946347428
305,0.1624897744298554,1.8242052926069805,360.390319782764,468.10186653550727
306,1.6610713570060107,0.782226280859333,319.38996331656006,389.2707310180949
307,1.762024903644968,0.4941449651192838,675.6295919071783,597.3054356825133
308,1.379363226971027,0.3544035279456995,815.4881333705134,606.3442068535218
309,0.1129725328745556,1.858029134830628,196.41005344963062,494.45174088054125
310,1.9680441695728368,1.072108256345082,694.3108150245291,337.6783571500661
311,0.8249665107171289,1.660981971337825,127.74855067736824,256.61262055413937
312,1.8094428158182096,1.7315479473831474,59.328906863418744,172.36261987693828
313,1.5910313615534817,0.7774219424689466,287.59026397331854,371.5673278734438
314,0.4337408391747972,0.5247935108154752,67.6448779770229,176.64131309279688
315,1.1833908520390348,0.961577201406373,80.29883894560454,209.9266976018266
316,1.874436696607243,1.389447778043441,292.7420369560948,234.8822713395584
317,1.9932422867157409,1.7498065091955926,70.05308298060521,193.10342253765006
318,1.8330976954802567,1.491154523842899,263.32928330099355,207.40501004211612
319,0.5635347027669979,0.751754494378915,164.8126268325366,165.89076602316553
320,0.1831033719066432,1.045658220476149,471.5921930333894,323.10580578320815
321,1.7987241653182742,0.795077201301341,368.37626276418393,416.6458536560039
322,0.6051870473470489,0.4503499810205364,210.67226546207695,254.9477907037172
323,0.1736963666023823,0.6509327780970782,42.984155412750816,224.47039755256816
324,1.661415050587587,0.4384271916062213,798.0345471220388,623.2648953114809
325,1.8155160005248565,0.8441137725098324,173.56573827137257,401.5166758181158
326,1.093058680094409,1.5028059477324756,407.4819146817623,184.99688947245076
327,0.0627878138602293,0.5451461661226452,403.7648764880562,234.45458694648542
328,0.7499861516560355,1.6199536058231263,280.1125788382448,261.43818511581895
329,0.6282815689422561,1.331544178061951,77.70790876352804,243.9932652649803
330,1.7869873349297314,0.3088168940161755,1030.722272846222,821.7100517356631
331,0.174227095305699,1.867911347822131,83.10579913762975,473.0872836824527
332,0.5256884672425624,1.0172263055076998,90.9309887154849,205.53987750639573
333,0.1857984666661694,1.7871414302888209,470.62148864589693,449.03107393757455
334,1.2519070125877465,1.5035851420591004,46.52134014495066,172.072355014115
335,0.3690638372293353,1.4534614795150609,40.46584917736217,339.13942969537163
336,1.5595567846224518,1.5549167424863497,336.0898408863605,169.956897460045
337,0.2805057453261728,0.6780907398909329,115.68309030067735,196.08446220160184
338,1.3328954593792288,1.0381380028672118,208.32473023511966,218.50656318068076
339,0.0944042366910611,1.5909314785618731,693.1112423605651,462.60104692421015
340,1.7503977072141566,1.229397968095892,219.1856519414867,250.38566548284396
341,1.9445336990329536,1.7144101955380142,46.00580965404591,187.81035385709657
342,0.2273214146147659,1.877282311901652,520.2492901929991,456.95332828812474
343,0.5240600298396434,0.4072928538972616,343.6965735652183,243.83127223184303
344,1.947942833187472,1.0513998471965238,548.4135268430094,339.5929207441873
345,0.1378828646793011,1.5951089444208273,1098.4336152238743,443.311847595984
346,0.4143306515086749,0.4811108198875763,78.37160038081203,183.8469750687324
347,1.0533557666043458,1.6579723071540682,553.4222187509272,205.2594860750685
348,0.8317718782350896,1.5972629435326875,264.33273419669206,237.9751791765345
349,0.7018619136297415,1.121229942839135,69.08753540595534,192.39547002327836
350,1.4175381468677355,1.03039671130238,228.99016455549318,237.25087046713608
351,0.8640850224219172,1.180086366495772,490.3792570184626,180.36224323304964
352,0.9413614172674812,0.9700680194224064,55.43038112025376,171.69692567074623
353,1.5891851230483476,0.7365724498063164,418.9556324599674,389.87652494532404
354,0.0020209131975343,0.6184193260598703,212.6588367279319,279.7269811858234
355,0.3124521969932956,0.7987307171353453,215.25411705057718,214.96418283221496
356,0.8913363338688505,1.323673664395607,432.0081991985978,187.24716957036998
357,0.4919408158072968,0.9270936468059756,125.47835501353103,196.80812640971635
358,0.8416793508890141,1.8730696071743869,743.6910894893967,279.53115187994615
359,1.1494365736382262,0.9283219466535716,207.81031945483002,207.95895293424184
360,1.4236731546044985,0.864465045749881,229.12107082156197,296.7721717264812
361,1.3510834249555816,0.4731020762017075,122.03412519222103,491.4512498192413
362,1.186517057094743,1.9041496198346908,299.5758811102862,215.4385364576116
363,0.1841291138506027,0.2472323786346365,100.97654013776402,220.9056454405048
364,0.8571892594519712,1.3576481498163366,64.29667331487796,199.43842473922865
365,0.8414093873218753,1.757484227121974,90.48315986442393,259.8562751740534
366,0.890118279389225,0.8258786942373604,58.806298010387124,185.7388183313789
367,0.2416901388682097,0.5512724611198674,75.32485851870369,183.8067251228079
368,1.959823585011844,0.3431344513724567,352.13825402558075,829.3002055090798
369,1.602671206928353,1.5639570782024863,55.50336428358319,178.6266617170456
370,0.9781930831181364,0.21987280313574,707.0848119274248,618.6066219468855
371,1.9260324366789008,0.366676437810535,671.574976777909,789.4330497517519
372,1.6228044572301583,1.2717243962409044,198.62080968423712,216.87119444388847
373,0.2978719287798401,1.5184162754277328,99.58528245315009,377.4045882717115
374,1.7937321941138529,1.6415061030488576,234.90507980574657,184.5766830358039
375,1.0426399997116835,0.471587008193424,203.9841369432866,387.58433656143075
376,1.650857558276296,1.1818557477454172,351.85897910005775,242.99490089872575
377,1.779179751840391,0.2923065092068611,433.5404805158933,851.6429573315912
378,0.5508699754438044,1.8648514598099464,385.0111702302847,352.8054927515302
379,0.2410239809019083,0.9504298122497898,333.2968521209762,283.62726415604243
380,1.407439859784405,1.1282771920638195,71.2090796194841,209.2902177556724
381,0.7973539654762414,0.8357308409781989,150.28954921349822,173.73476834753154
382,0.1113472045201533,1.9149395602008732,582.5792325177683,498.2559257417316
383,1.958990864968785,0.299758170384016,1027.9203634938874,876.7513677975677
384,1.4565326772810854,1.1733746926772983,455.7634520702941,209.1962326473541
385,0.1354678761205663,1.119465193785268,857.2786764093548,363.68335143670123
386,0.9826584535763389,1.5409781552363238,626.2994618949594,201.58972580090182
387,0.1218664561204274,0.2152003794410338,116.69333767674033,216.35423007562318
388,0.4972760227982022,0.881152951718601,233.55420067576182,187.52403486721204
389,1.5281968636196912,0.2139886263987696,445.0866650334195,863.5834390912631
390,0.8356711100597087,0.4968657190067653,308.7443856280614,295.82200674135964
391,1.8654312993165765,0.9014735880312474,172.360480012806,384.7484624806529
392,1.7589894418382612,1.7082976236944971,365.63599889869226,168.38497052206347
393,1.5584445799523026,0.7198576869071192,595.272909358591,402.127284283998
394,0.3549693531877276,0.650408000173679,38.670961385225496,174.0561092361433
395,0.1524314790606542,1.7863313619299104,907.2417689056597,474.93524179532784
396,0.3394480048729573,0.8824390698196027,94.04816873100562,226.23540496442897
397,0.3713210841756975,0.9955598435014212,641.9043714380693,242.7213316042969
398,0.6638336068650084,0.2034063791435149,149.96485907463332,483.4465926736052
399,1.556380956782134,1.9317998195072748,251.6291808696924,175.40315426553653
400,0.3167906982216375,1.0582455852069292,424.63818035954876,278.3931568408571
401,0.2687222481441258,1.2114771239471196,351.53561778638783,328.20185158337523
402,1.8284012541124024,0.6718384425374095,451.6048773927623,497.4231095796053
403,0.9221147380315576,0.3362417341020636,836.0054602755793,456.72758072420373
404,0.1182038224686539,1.9447911688407156,723.2512601797297,507.2429150075679
405,1.94863926287786,1.1620588079193306,532.2531460988384,303.6037199580902
406,1.8977750685673775,0.640502941506631,424.0161370763148,539.8193607449392
407,1.6709472472472306,1.731324029729087,71.63899590917077,164.49128461601123
408,0.7408662848701062,0.9882315233085128,119.86699974886157,165.92174935975456
409,0.0749739578289094,1.1052378091181516,303.69723872516687,380.4948990538727
410,1.993462382255785,1.242628521034777,129.01697374052787,289.1537472764901
411,0.4333463817483396,0.337401606276773,384.5450293299257,247.51462754347406
412,0.6222577151435893,1.0524798661272146,340.71790886877096,192.53282985502074
413,1.6699961607925562,0.6290681732858181,156.05523835945039,473.9685337425602
414,1.364378688108797,0.5058818613802356,614.072032337875,475.12352164519126
415,1.5689348845983242,1.133423697035349,561.2491092301284,240.28167226194236
416,0.4207797234781709,1.3503128688304875,385.37486077183934,300.68041388489286
417,0.5947761283014896,0.5812476088576461,49.50997378308088,196.16537586603573
418,1.743795913754393,0.7283936271415139,542.4275535133457,448.7405169108366
419,0.1145370695689491,0.687425589039913,192.58362190101764,255.08945705333855
420,0.4852202967903893,0.5341942204639091,268.9788617288994,187.6855523763507
421,0.6386558583454518,1.253870720221722,159.6980399291059,221.22544218535998
422,1.6682397170074743,0.9622176516205508,111.13914524546438,311.1092949904065
423,1.749543515707654,1.4556662020097395,85.86550315932487,197.92884313590596
424,0.0476461593801742,1.4835176448555638,526.6764099140214,459.93772093615513
425,1.6498649197025053,0.3981524039730316,1018.6563077518615,670.0178164437085
426,1.0337938488037486,1.3814882744156602,93.54426668173788,174.1512196483764
427,0.4893966389604542,0.8119979432114008,61.490317754350976,180.30704156660448
428,1.1210205598856118,1.0299285048039153,234.24973896434213,184.23243905652572
429,0.7139028768558158,0.3878237092088355,262.1827396392299,338.9760573244279
430,0.1772005658915076,1.0092126393518974,362.72007738210976,320.4091064633572
431,0.053814353466199,1.993878475964448,687.2681195447765,538.8236680074984
432,0.1365680375552682,1.375970288451292,1009.1887390062317,401.6537001688366
433,1.389162658028017,1.6389906464564028,411.2345457812859,169.15919045284107
434,1.6783213317297545,1.4295872979042872,682.5357283542324,196.0527199947402
435,1.5499036735570184,0.5494009570534072,283.1703772971272,497.00424667079176
436,0.2799118505411877,1.1308495747392189,620.0893265236884,306.2456857552148
437,1.60546277307368,1.4537850150525375,48.09219979750061,181.02707123823353
438,0.1678605457082376,1.917808829960256,656.4239018375533,479.4430455339928
439,0.2150798652444441,0.7322425619466646,188.46862981133165,227.59903366100608
440,1.7235515101672374,1.5605338747110016,296.7420872058672,182.7443467740823
441,1.303958706074151,1.9759575552927109,377.1920210416976,205.20460067177376
442,1.1876379807626667,0.5224207552260585,832.5739953569024,396.01169708939466
443,0.5235581059008225,1.9380248701757727,426.0822222904467,372.0627525109025
444,1.4616508406833726,1.3702029668022695,331.62979689983126,171.51180083165355
445,1.74409034714214,0.8837578107633668,580.4860444672901,371.1161302088029
446,0.3599329092993319,1.4695076225403363,418.51627412686827,341.97819653082627
447,0.149167012724958,1.16615231740278,487.29953848446456,362.7812845308285
448,1.870995812130488,0.7278597507352458,907.9148463339429,468.2515323712679
449,0.8516959516922229,1.2210247400671757,447.40667964672735,182.44318761429187
450,0.8361635890638108,0.4702945007241277,157.77865330192165,318.0200522573126
451,1.4456904421122,1.2299033518208426,516.033280161369,198.72771189592277
452,0.9601313874833984,1.849672603488684,282.8207618066116,255.03266279089496
453,0.2355609486909173,1.513260039468438,70.16390416982375,395.14205432411705
454,1.3887775106647808,0.9563646343137058,202.29612929581938,253.74639954735204
455,1.5602870637367758,0.3752151500446529,50.94377071073156,658.4686830919755
456,0.7077728381016948,0.2014210380655442,502.872803914269,510.07966211163966
457,0.7073037461469474,0.4996105152894317,276.15792003503054,257.6023208492926
458,1.3342145621203956,0.2831551097534304,678.6557527931925,681.6422050935166
459,1.5944397548732503,0.6680749584234775,451.2372386618214,433.36992445087304
460,0.4850875290931267,0.359649335526645,241.55559022850505,254.415662157332
461,1.203295861107881,0.4472011001259611,494.1642464547364,461.2259901524095
462,0.1442291814601473,1.848076786932616,136.00054925478153,479.4634671246097
463,0.43535450794316,1.9616772213699705,324.66838015994034,393.0049785272283
464,1.964282170820808,1.376568195549417,151.62060799150714,250.49923085316507
465,1.7712039304318885,1.8137718927944697,426.17590637431636,169.79325303437807
466,0.9793773144900078,0.9624017251741968,190.28790097275726,177.633758827066
467,0.9467575485278844,1.0656937950803431,298.9599420738102,165.11772330906342
468,1.7191155151312014,0.2928832625544829,477.24279665565246,814.7120766727857
469,0.2200392201637422,1.3272807758797105,306.22487374358246,370.65440600745427
470,0.0020859380873077,1.4604932735681095,1054.4914263792434,487.5389963208702
471,1.8153375319024552,0.2344915397403607,1221.0049019235819,940.1200640672201
472,0.1918316703393134,0.3014749825150496,46.243920773851826,192.39850057588916
473,1.5674482896150972,1.8829829913399356,503.14148975158656,170.62190995358995
474,0.6400138322205724,1.9159930273336456,914.4365818279487,333.92159552262854
475,0.0583954468974829,0.4111110169762114,233.8152760114759,195.8108924028459
476,0.3445149509847676,0.7687585162755735,215.7193257256413,200.9395407163733
477,0.8106427810563706,0.2394853578035554,908.5252812281097,518.7070955730215
478,0.6903307143898934,1.1566637964366164,223.88203421161407,196.85788417230864
479,1.5457332747009438,0.2269305152759716,749.7184465051878,855.0936494767676
480,0.9378651820807706,1.2227773326361713,52.6389595897691,171.1789804630042
481,1.5238230048361503,1.0278620280148705,219.57991411262313,258.7719723222238
482,1.4156217945851473,1.1524772667374412,393.7475588124044,210.43863927510372
483,0.0759741133332769,0.742775249721054,158.9566350906014,287.65983073787237
484,1.4060406438415247,1.8159343319353272,160.33248027778683,177.95811352493308
485,0.3840000650783883,0.8048303605268636,133.54677850077482,196.57435829029887
486,0.9027238991233386,1.1007779342741015,168.34973791504447,164.87539240864962
487,0.4251222374678798,1.279291647958411,302.7040237103493,295.2911092344494
488,1.4076409346202967,1.1433830850390132,241.43897709045393,211.86018863282177
489,0.3942414839830972,1.989384566481168,278.1885005477344,417.9458586807506
490,0.0948011433894018,1.8618916489071085,607.0962593748962,502.17741052632897
491,0.4091198649733065,1.5545509389718344,466.299821029016,340.6259089495203
492,1.589893438299671,1.9404771641905567,643.9694607949364,173.4447574263676
493,0.9134241844765524,1.7615590560962695,50.0071320539717,247.72056005457875
494,1.4198170007379958,0.3979056259135713,556.6793100588812,587.2432980379313
495,0.9290529841975604,1.3405609940034389,173.5962979797872,184.8580683941845
496,1.1764675830566569,0.7464772042388068,80.20096323607221,281.09143954885246
497,0.6236538848812134,1.6713316948346522,39.79128647903575,300.65969607679676
498,1.6664815512574698,0.4890077978898882,661.232074804469,590.4161801291979
499,1.2242895513921688,0.6969522936605893,456.249809586902,315.42584580411466
500,1.880779621269988,0.3265803261006342,335.0904822599543,845.4863688994958
501,1.635742581842016,0.8811426427288997,438.7073781435411,335.79840185670673
502,0.7146162735851003,1.8181421690233417,188.20436964825382,300.138643444515
503,0.7335776378538448,1.8801567493288849,325.37523044558253,306.10258501716527
504,0.389652633673895,0.5958324345161001,379.46753841475754,174.27693719224112
505,0.3570359559237834,1.8835302105294087,303.444795818592,410.20683836808456
506,1.453253613128345,1.1138831705232544,419.1417374898417,230.46139884972573
507,0.4763769398370072,0.8938865824292359,130.99503069149182,196.32801356689555
508,1.597371975841989,0.3697062689938487,976.321343285704,676.7750826944487
509,0.8441206269230517,1.6458268579891462,185.0752412610966,243.43054994430437
510,1.531806054832491,1.3473308768610524,68.00101221815216,190.8815144116925
511,0.2308672961982951,1.9979736751296493,358.2348534435403,466.8387153753046
512,1.1858840939429611,1.4441446587737947,72.55362864118804,170.60462413304128
513,1.397532983583076,0.3822106838661692,322.3933117225949,596.0638240686451
514,1.872697381636004,1.3463306615614763,117.05147211278017,246.51098324539558
515,1.091699070973974,1.3155849786210096,353.44336188249616,167.34751034555293
516,0.2180031769282364,0.302817211417801,230.16960820024698,198.59340532285032
517,0.5909700937383988,0.702571302132587,186.8986153449158,170.49792979165576
518,0.7458607203206395,0.6300931039550819,537.9532668343128,212.11771086528313
519,1.832525543537236,1.3232187912070723,128.73145764615504,243.0519034417922
520,1.2511515217781128,1.82621612754536,358.0503931013096,201.27671917207562
521,1.200772434638125,0.6634700355624071,457.2446678766153,323.89001706638385
522,1.5715271821031596,1.3135080102340435,264.75471011169805,200.7626049746975
523,0.7440411948327421,0.4376489718782642,156.12624911719823,319.47000264270673
524,0.5318291597580629,0.8461699611384166,43.79226281188176,178.58178774963915
525,1.3432599136980463,1.6506952709341478,360.25637615461693,170.25603817197145
526,0.5575371698309495,0.4592049589109723,278.64113664081145,222.58662958809356
527,0.8112197457058492,1.674955202909072,73.99372462006771,252.33748458456773
528,1.6562499808092492,0.8057524076293865,779.5761597140321,379.2450802663557
529,0.7057040168382405,0.7493552540523283,533.3813533281505,176.94114866896908
530,0.3442052123716166,1.4845076097641632,185.4657102336739,353.2614971356457
531,0.1430204531040739,0.3481805803375843,366.18525064929963,172.85870843165043
532,0.3851473418162943,1.8778248444200736,297.97200334312214,405.868761977779
533,1.619699187072596,0.5303202568635021,822.3268573507406,533.6004086945778
534,0.2896662908363989,0.9401310598717658,171.10766349956262,257.23537776080406
535,0.5290524395794503,1.556952241732448,268.9565143237303,316.08993664214444
536,0.727520596227357,1.816889043244005,477.38668833878046,293.7260029915362
537,1.2149008667852772,1.5343657009696337,175.4979815111763,168.8453037888327
538,0.8910306853040297,1.4772067473363708,178.17474550157755,213.0767740918565
539,1.6334612705067828,0.6436210738395043,66.1625183513246,462.20326163860057
540,1.7100710726460095,0.5131131700827938,124.76776666353344,583.1038901287166
541,1.1585096032062845,1.0258760626688717,61.068228860707045,190.6962763931121
542,1.543773188190802,0.8146405292688879,292.60460085245546,342.7255347992909
543,1.842635936030457,1.275176812953424,160.47456147658247,254.89971475854506
544,0.0296031505202256,1.0115166499741142,1206.7580812456804,376.04839965970837
545,0.5229599747652423,1.913572485850592,165.58372822452438,370.71335738117745
546,0.0139941371131004,0.5852505170174807,188.30858065709697,277.52346833033755
547,0.6262130859310184,1.8378303590534848,166.37868182665585,327.3388086641184
548,0.337678195471734,0.7284753704349318,521.207031960615,190.15339518950051
549,0.5616762165415945,1.1390644836134445,138.50474954503323,225.18020083525815
550,0.190621910527885,1.085494347671859,602.7585594053395,327.40281390809406
551,0.5194237303486646,0.8120812896348206,230.85193860260358,175.79054203951063
552,0.0131031866359965,1.2830832879739242,230.8070746175672,455.53711017042195
553,0.712078771371391,0.6449133250307814,103.61125436744442,202.5943287828528
554,0.0503484539740122,1.7134070983228566,117.43750322006433,500.8297877638305
555,1.4165497517692456,1.5898715446998395,75.12685311752209,162.24953396000404
556,1.5873823945319958,1.8953578888947629,76.6331620193497,171.3332585582781
557,1.6801960149449422,1.6841786518021886,330.167043884699,169.93308624764498
558,0.6927970708163431,0.8385784209687706,550.9078134475521,165.90799835000152
559,0.0231384934150575,1.415526847399025,393.47549226756416,471.90010143125846
560,0.1852542083462027,1.306612378083335,531.4049591589156,376.01945494564086
561,1.4433486437902094,0.6141380313019675,370.8322272154353,422.50278952033017
562,1.1330483518115384,0.696650954895778,279.13452565910364,281.5577901146535
563,1.3491843084867947,0.5583794513116109,252.80648404050783,435.30413645143784
564,0.9231721775353434,1.8497929568702225,193.89408131003202,254.07943297575434
565,0.3572219266823824,0.8452154747831699,200.9582444031204,222.28053982169993
566,0.2978984193118374,1.9221273321447356,455.8194581301929,437.72734232039863
567,1.044041520760988,1.2195088216227887,215.44774322877416,165.58640873019817
568,0.5062869909683552,1.0362881925742258,717.0440902702323,212.4080296407378
569,1.8071531853821767,0.212527282837717,730.6850315910145,992.4822681288263
570,0.8764649767417685,0.7216640093925173,235.88937951757524,215.57935740208328
571,0.55540569693235,1.9736594671306888,541.4800084093868,365.5511241404813
572,1.1725617078425592,1.132958508798421,185.83154579014845,177.49862372239485
573,1.6859277132710442,1.1787525418384492,373.4633598394549,250.58716633841325
574,0.2327346175568627,1.7723432837111088,241.32877283564522,443.3455021676828
575,0.0541377982475606,1.0617212249826615,520.1490744906123,376.21461572947425
576,1.2121999011271485,1.9289663660265528,86.88278184655756,216.5779410706127
577,0.6671117542836253,0.7745944566408776,78.7088882423529,165.7725041386862
578,1.529074695589478,0.313140279484687,576.1349447555439,716.836030556772
579,1.6385412272924944,0.3707887605134895,159.1340814066495,698.4317563444762
580,1.59096033470873,0.4279905389439679,75.48348549115563,613.642297942919
581,1.4410107284699445,0.3631881703949748,424.0393871828799,626.9902840231451
582,0.3001751796066016,1.7193268696257384,1121.0561708696714,407.5586656189765
583,1.7500492251287538,0.7740525116929926,532.9854241564549,413.592470787152
584,1.0198246049355986,1.1141084246273347,244.21984251053192,167.38287194590455
585,1.6654338675560258,1.7634752573891737,410.6545032664453,167.1674834740126
586,1.817427247107133,1.8468148100146795,184.12844596815737,170.20456650614926
587,1.4480989604618604,0.4670453212953792,604.1702408043288,532.6884476679322
588,1.1283809035372698,0.3783747938787494,756.0854701821207,491.8249921408726
589,1.626681606997405,0.9059036856449952,72.8156156313625,325.4287720162813
590,1.409386769517059,1.8279473403737312,297.3431926738727,176.92573263881644
591,0.2242176965153264,0.2151985427829326,262.9795318376887,254.00803561270632
592,1.269840795436382,1.3184649147720373,419.69441163901547,165.19454573771512
593,1.2236989765763813,1.8816001067607009,55.446269538250654,211.1192565267383
594,0.3807079912010298,0.6303559142556272,180.64044338474963,169.21091420189936
595,1.839574354733502,1.3826980419942865,466.1862488811839,228.30604907955276
596,1.7832646041334956,0.6285408838382901,754.5765926400582,508.73639402904126
597,0.160335004745405,1.2541267646643273,845.1722749705323,378.5636563550627
598,1.625570377097756,1.3744440844256185,120.92424456432853,194.1774706980265
599,0.6555237289811788,1.2663222708602675,312.2784691197976,224.7388141475674
600,0.6045637351966251,0.6955275866085956,504.0338189862124,170.00682651201836
601,0.6288139293891548,1.9679234952650624,238.21095035733939,340.85276934114574
602,0.1663546776211364,1.5482754037307913,207.35785112507327,426.63974718378904
603,1.5132502370850305,0.2553257805726389,477.3645344679774,800.5705640007999
604,0.2595897356600372,0.916656507886225,105.5137341630073,267.4086874573186
605,0.8408055054509329,0.6714109096959118,111.49949369671937,225.4521872480018
606,1.774383172372078,0.2642454185017663,1317.2139272271634,870.2302619919136
607,1.0554052387701685,0.7534161014938219,520.1139729939317,249.5643327692402
608,0.7231031720970778,0.3055440548476914,310.0378890553614,399.28466250647233
609,1.709996781508463,0.6343319859482169,589.5768085427122,488.45580213256767
610,0.3672093148922506,0.441934060687546,147.38940103920717,187.5707558743152
611,1.97008361598301,0.7416236843825015,284.7577080339852,495.46644610413045
612,1.912630246267342,1.756454125484249,139.45665043970115,186.48871955170276
613,1.440950574640446,1.505793825235216,56.08928045777166,166.6193474881187
614,1.4621826213687854,0.8095590376895188,245.51697467082766,322.84897212528085
615,1.87421583086105,0.6413678595011099,243.64350239056,519.4483576667495
616,0.5502951129474394,0.5976426949798358,251.18592508348775,177.49771201965655
617,1.1176898686555103,0.2889192676682444,471.6399700270115,591.2064253847882
618,1.901381874831831,1.3154690148672346,570.2923797798475,256.7299706948646
619,1.0737805051307794,0.6193672197221969,78.74285238888314,312.40460401658703
620,0.549268054791495,1.9579192853239744,50.307936520946704,364.87418097566683
621,1.3043142891411743,1.813543609995946,343.0581576554143,187.2923497167643
622,1.3833528348228188,0.7619703188532385,361.2875354590327,321.6063216126475
623,1.2168345472206012,0.8563489282830514,332.17771976013614,247.18812415765936
624,0.9966569954029914,1.4027623660533293,67.55197976143424,185.9261665680963
625,1.3643406942970666,0.7342193964488912,188.41240611313634,334.43596172002066
626,1.6957889267364106,1.256192163128556,149.28636653281717,235.222968047317
627,0.3644878240706597,0.2837318827312842,518.0919061313376,260.7100922796506
628,1.1938680636655783,0.3388616193396376,547.1181846797756,554.8951501851084
629,0.702249831102217,1.0239031229317042,209.30183666793675,174.69405990958967
630,1.2250912408425476,0.6571610693039049,634.2052691616078,334.8018377799906
631,0.8114925373581832,1.433611456853687,667.4346800036325,221.1729670883357
632,1.7735881753894158,1.169271435438235,152.68812560844881,273.2895768885625
633,0.2844438148789474,0.5126113488075703,255.4643219535457,174.5347581212638
634,0.0858707653150385,1.4619422331602774,646.7541102914479,446.016416968092
635,1.2763698800148355,1.5643135790600136,867.6843176755284,169.71750921297814
636,0.6793279966058967,0.7788738386500551,461.56664777789746,166.08080548284642
637,0.8244056300603233,0.3652191555619384,681.5722139484247,381.48249734660027
638,1.1366622895665557,0.316125389955846,498.7160399397246,565.9891523561338
639,1.8213492596120129,0.5037696077787861,458.39994699008895,622.3183944177146
640,1.918401668050937,1.8682325655384424,728.2255722377827,171.9054625297863
641,1.3906499784631583,1.455254228664954,142.593377717441,168.70266646871167
642,0.5682833578861721,1.9217752232295109,711.6695807260385,351.20929689264506
643,0.2502832055856803,1.2098657173915628,361.1099248024373,340.40300100140604
644,1.2086452381727228,0.4099728413148065,492.89487536453106,497.4580087218447
645,1.7042625312626634,0.4146237523586408,249.46785757923894,667.3250910173412
646,0.6663023383918605,1.7728493171196047,190.79008084214422,306.43043091766
647,1.463024655335336,0.9287063695991484,673.4809501294095,277.2512717965878
648,1.9990221774933117,1.083975154479884,531.4908044599503,350.2927557376456
649,1.6890981429355532,1.6020456594192607,432.44439588534806,178.1377109739507
650,1.8380129801855627,0.4537617041721754,120.90838672883197,678.246677182134
651,1.3418901852419458,1.2272973354118146,517.2551742902816,184.94402327323323
652,1.590765128948597,0.7475308873802313,613.5567650911364,387.66171675464415
653,1.415283295166027,0.9102340807947724,325.41881445460086,275.0580923823852
654,0.345971665562748,1.316080776686415,277.9782471396298,321.7955885174062
655,0.6630981829561469,1.4300939506314057,121.09601403109217,250.2653806376838
656,0.2662800595717405,1.656916006466984,785.8866459030462,412.2657645116179
657,1.558559923548429,1.223155222450434,400.507854506403,213.85117436822168
658,1.1891750791567328,0.5910417920896387,79.77769125261065,360.6755846297656
659,0.8142727532820893,1.7332631961121294,242.73965054808096,167.4452668468161
660,0.9346734298099808,0.7013897093858203,332.9433007710111,233.77019669162198
661,0.9908293240214376,0.3458305826888179,536.7590549506762,321.32952458215686
662,1.1418866329118895,0.2019023639296299,445.51135849070613,725.5149164211729
663,0.569165092521736,1.5011211490817014,40.18254393847283,229.1199321459939
664,1.337131900944058,1.1788162485587717,441.04313064787976,188.78881904632567
665,1.7241850502558225,0.2454551271576622,473.05646520967383,896.2881844755622
666,0.8113001826316046,1.3423742349372565,319.3449286363267,208.30131461161466
667,0.5314986348101045,0.5696530642232484,257.1988575809817,180.1749429326316
668,1.8542617223724571,1.870953169969416,167.5711890810427,171.52200815341644
669,0.2973277820009194,0.8543533498565039,197.8805510987427,237.39380642274833
670,1.6647734806017438,1.3631184122548312,548.3004758197034,208.0545232060779
671,0.161183031635268,1.0062385857153,1182.2252296672998,323.4179527874455
672,0.0405963078690407,1.3402182228659132,1030.4670731783215,444.7617519001214
673,1.0753029565842358,1.0678577292942724,81.54930597748704,98.41286373291801
674,1.150410215240288,1.5016898189019456,281.2075781669656,177.23161816879139
675,1.2030829231927735,1.9681046568833316,212.94765530017207,222.70462151063512
676,0.1340348028600506,0.6739457556508301,48.914925785067716,250.44057580859283
677,1.0719487756463748,0.6783166979409592,108.63410513026423,280.13017772256796
678,1.490989129246987,1.0176881728421905,123.05990457136834,259.8471663431856
679,1.0684647067986266,0.2277648310189924,868.3492696204881,642.5501715810757
680,1.044733140182785,0.9492633433019972,200.64713181133,188.63556189166673
681,1.343723647312297,0.6959841192918911,145.28424110956107,349.5163635856956
682,1.4575360908924997,1.0914825323773598,121.01994457346929,237.43529827616896
683,1.7476211921665163,0.2693534512469887,975.1731831492045,869.3879687987642
684,0.2753267408482707,1.1841332658729962,420.13975124599324,321.1614252730588
685,0.2143662346231039,1.9031411595442869,456.1902123112802,462.70081649571506
686,0.0011959512186492,0.2297713007883396,532.4634838576771,182.74713669731497
687,1.94826668899291,1.9280513625386488,54.9401295689836,174.1699960832955
688,1.2852904159566232,0.546660027115297,229.08331559615903,417.9727421670365
689,0.7994244974763012,1.309963035709079,221.17616102220657,201.41109184994727
690,1.071785795036458,1.141280721847453,634.6188335169451,166.96419489332118
691,1.2734593894893458,0.566504723187357,208.05161969916983,401.23185039409816
692,0.5467196049150398,1.436908834820086,261.59184580543524,282.53382583559926
693,1.412779027745664,0.3965813113232117,641.1338262868087,581.0154251061738
694,1.7465530043839892,1.7157159276824112,516.51520913598,176.28814707206308
695,1.5948529959959377,1.1659772791752212,518.2886782967164,237.10153672562635
696,1.0017749244623282,1.2518861062526168,827.5785590048279,167.11337006115633
697,1.0220856333608586,1.2073369443984203,321.3734992343213,168.75005556571767
698,1.978107709551388,0.9149760366124862,444.65021831659107,404.74716444706024
699,0.8150281305320723,1.8949491113911767,103.98167311180191,290.95790334927227
700,1.230676190697183,1.508680395906257,355.66412356758883,171.91327851989828
701,1.721264434550489,0.5721631396390287,838.1453894324964,531.5376128857478
702,0.9308972893806664,0.8789934607814274,53.464440843277536,184.23955024331116
703,1.2829014492382005,1.8282360729149305,173.4763676187879,193.96332080066267
704,0.2570203140808096,1.7319774314547465,713.8567302496308,421.49873247865037
705,1.9162547983278848,0.3959595259214823,1191.0755777694912,757.8604398771523
706,0.8915558025480468,1.9053941850856968,481.0439203274969,271.5923456158564
707,0.420151990982385,0.4612812092596015,267.55011989266075,194.01294106702292
708,0.0121654900939605,0.2119669355628144,232.87711371915213,193.75449864206104
709,0.5180027796916638,1.447760078882269,63.897496786103616,288.30939658335495
710,0.7820388870367532,1.441638824139645,40.480270971370025,223.75432713439244
711,0.9780550725620109,1.1862544849877392,234.27457730401085,165.25660274069537
712,0.671949589120499,1.9429501136059504,679.6359458801476,328.336712646269
713,1.5558857501310837,1.752877222267527,309.12475135484516,165.64200937107665
714,0.6321039695260244,1.2312966591810963,97.62100271626223,224.72143229476617
715,1.8037450975587943,0.4176611527575261,346.8236394164105,699.0020477646514
716,0.6991313032725366,1.0116417556625323,261.01561695750945,175.07459163585645
717,1.5848676578253993,1.7967270780381657,124.61531489983385,166.28895719018095
718,0.8097794823412867,1.1218367334800792,375.9512175597522,176.03798996082594
719,0.1931721423057093,0.5366247825769849,58.42532753730316,191.4372537259239
720,0.399293703576014,1.073538352375487,808.347839636968,256.2784820734776
721,1.3501454188001831,0.91091217501781,113.3142159233801,258.9301835694204
722,0.920152733722841,1.0117715825680071,196.70898188277133,168.32257156618863
723,1.3658904882022496,1.1646523752109084,302.0907749712119,202.73627314673752
724,0.7160037584438952,1.0879623800858291,100.66294890435479,181.0866106106834
725,1.0546300564683466,1.4507759582733846,350.03338241544196,181.5550154539264
726,0.3650510812906096,0.8052948132249707,247.46970847620418,203.68975374203504
727,1.242463478897721,1.4896648721285233,102.09298588784223,170.28706340325863
728,0.5865798754767877,0.5158658228130503,140.77024704862018,213.01868057219482
729,1.560688393198227,0.3551160802254319,97.68815339033985,679.8705422705635
730,1.397498370877537,1.3321013805998425,558.5257425249468,176.88227408913917
731,1.9565246246675372,1.0541009768558505,390.26631521292813,342.1853015986542
732,1.7872376961467298,0.958946342221246,327.08839634176496,344.97488841360496
733,1.7374912024517453,0.3826972090691754,528.1057632007579,706.5069961987405
734,0.6501136423637097,0.4206260639118613,295.6289342077799,285.357127031447
735,0.7359331666533109,1.5800254590107037,360.99953661537717,261.94374675657815
736,0.0132563565861156,0.6960911900738869,404.2979097445191,307.33588605257125
737,0.5180266423496647,0.8969948498561728,84.16751740707309,189.61129230713806
738,1.1218240419758752,1.856966200117075,116.86291607453796,214.09791403218597
739,0.3916900197058965,0.2521037507274374,697.4253390684637,306.6527285753342
740,0.725143873247935,1.1367647715271294,125.94994251431257,185.83888676793467
741,0.5179338179313069,0.3375851889501697,566.9545104790255,293.17705091571986
742,0.6610171110860881,0.9263253882665764,480.80554716562733,171.84170639459137
743,0.916303027223022,1.6538655633241728,349.72143110820383,232.0126063506173
744,0.3580416483960353,0.925385876455699,247.09870100600008,240.22244556906634
745,0.0123420300020509,1.7512932972307909,497.93553311190703,524.2500650093422
746,0.0910093513081087,1.6299372877300145,43.32674317199961,471.20753980741
747,1.2886052464371496,1.0733622763973734,252.07045748077624,200.23256992437663
748,1.749565941750454,1.5342394890204212,729.9904961857543,196.1540870587288
749,1.4459995769437426,0.6427599326136708,127.36875350254454,404.19810173925697
750,1.6812172586471763,0.3973260035348074,808.7497150982041,682.3196014842107
751,0.8579646502347129,1.5046081252216246,772.8244574095957,218.24656987347555
752,0.1058499380252817,1.4184336069054126,241.88548184107373,434.4183950572978
753,0.837519558212966,1.0647262786891596,360.6035007814518,170.0576804680736
754,0.993238491704594,0.6607249840376117,205.98344515541825,269.44037940192953
755,0.3406608091280205,1.1920420052356389,582.9496144821984,300.4700158759007
756,1.4132817488389673,0.786459623768462,626.3993195056612,329.93501699916624
757,1.372677935942557,0.3170851569671046,45.32780830289879,650.4690583753718
758,0.3396473505772728,1.3591654786925929,328.82013263872386,329.3774468948803
759,1.2583359313133904,1.185528234388146,302.27306058153675,183.28868232710877
760,0.0376907122176086,1.286565299498032,203.00592048556163,428.88045012841206
761,1.0230492186416698,0.5831083337672509,416.62963625593994,315.2494754533894
762,0.7743622238919201,1.920660673942811,589.8515576706327,303.0279166953192
763,1.6527998235459231,1.9226363730015292,54.44126244080024,169.80010676412493
764,0.1533423483547287,1.8055629740761048,58.834313001206496,465.4036535110636
765,0.010710986309673,1.8764527006801133,496.79407621436377,540.206393899897
766,1.5095295768112498,1.082513625634736,275.77859355870874,242.83214770696088
767,1.652237689342932,0.4211441608251115,652.4138743366384,635.9741239896293
768,0.7300965704083877,0.7848690966845424,228.0902858583094,170.64542062552223
769,1.096216021428435,0.7114988383910263,57.6106273544654,275.4104021699814
770,0.2564604758665836,0.3814354501869974,334.53042937068375,180.44468805761403
771,0.7712534445891512,0.5363379959082463,87.29111858110372,262.8216343984305
772,1.0978503387547456,1.7232296634982152,325.4916994938156,208.1172645737962
773,0.5949634235119956,0.7575873083472604,444.18375293367825,169.32571808538327
774,1.7105232308597071,0.9375940073360842,106.55043035949527,343.2425998612919
775,0.4475372848400933,1.3714592530258858,257.7880457137639,302.39082298266385
776,1.210415775298204,0.8989917876756599,117.1236458774316,241.74168922223404
777,1.4782406697837636,1.6381286054760755,104.53261904745358,170.4203697986252
778,0.8805839830088085,1.6138916590769603,480.62657443957715,233.1487672199163
779,1.1809481826171608,0.8699168856054944,323.15506028618813,235.20353011277322
780,0.2411145530881213,1.5492575103977548,229.87855790921785,396.5526900157106
781,1.7714509056177927,1.4699205456795417,334.1608239898006,202.0592800607814
782,1.1350210750777696,1.131380441367743,152.6476871136207,169.28967549208568
783,1.0331411036333331,0.9276900875270956,304.8104726135306,187.45404807957783
784,0.5317849650153297,1.0954283801073288,228.84974948333078,221.74585086966204
785,1.5676192833020537,1.714047167430087,526.9431325560092,169.30976491388464
786,1.365741231473466,0.9856969150523628,645.4684585978749,242.30275401727653
787,1.72785238912781,0.5831538843704933,79.37794684739484,534.0314948834239
788,1.5728174090973754,1.225091537430584,127.60175930593626,224.3463958102482
789,0.6412812773494547,1.2496187507909613,352.39819034766447,225.46094482893136
790,0.5071168198206373,0.3101100296199856,707.5427435934031,306.5887904679566
791,1.5204715435824905,1.0923872393113787,595.5975441787174,239.38392478728676
792,1.8524722760278924,1.0481852676937364,81.74037862093702,324.6455161566857
793,0.1999560116198444,1.3477279936566549,299.5519167478764,374.92278299432866
794,1.783036243172012,1.8021606135687849,196.83158779907384,172.174378186754
795,1.6460048024831633,0.9353748599391124,225.3717559781688,314.1010242415241
796,0.1267837683761885,1.46573940516419,426.9301688228126,423.14171990007225
797,0.5876311398001364,1.3567150468574596,255.55865482301766,262.5845553938967
798,0.3308114301670244,0.3104036100676203,253.27418785278346,231.62613687648883
799,0.7530780849347809,1.24945876552313,265.5950148433961,203.20463000804133
800,1.4532266028306942,1.52918126705787,422.7855713904407,164.39983205986474
801,0.1652775695211579,1.5645082304570923,257.79105104390675,427.2550464164547
802,0.5553335143442646,0.8756730530472936,183.02370609515694,180.36840839292609
803,1.1752370325622603,1.4406343956100351,793.7429657171836,167.84790441232758
804,1.6469792647662589,0.6013600878699534,744.2269051782092,482.57639957949
805,1.0513620852361232,1.0283284854529673,156.082147211422,178.76009061217562
806,0.4165965959126143,1.6752100087173696,397.6995328962525,362.3556965978067
807,1.3508677055737888,1.0663668257958654,140.6779929586756,215.8448115247647
808,0.9798557960116738,1.9875598556881915,204.18294469644698,271.50507744440614
809,0.385556727712776,1.3344180113604214,45.036362818137405,312.80833542088743
810,0.7028722989274199,0.3295801377170783,654.6722766180247,369.17016311681164
811,0.3310962216514974,1.7727160226512668,281.8007598581049,403.70270057862365
812,1.4425081611528332,1.9659863351245184,153.18121439979925,186.43805352023867
813,0.7877362073845411,1.4436920291150983,57.26230032660958,225.4829177145725
814,0.3675719946392279,0.7705686358775501,254.20431678016695,200.28973878765183
815,0.8711866158330328,1.739252711200011,146.31491815852095,250.50320938593063
816,1.5683780297895284,0.9762393313850382,103.65671752894502,286.88085351103985
817,0.9341619156007386,0.8454505124326044,384.7279465103893,189.7681774038684
818,0.5236662676220019,0.7056659023745784,138.98358229156065,167.45363297421787
819,0.4626561596969241,0.92651838836067,49.775351241382424,203.41315991293803
820,0.0761679009635065,0.8946344522132543,862.0245330663837,327.7898264834136
821,0.841620245101218,0.2372907601786447,374.2999869020682,530.3697490367964
822,1.458882823142294,1.2673946777055916,159.91752814835334,188.92497908725082
823,0.1142007250859531,0.3244868186825807,670.4473031784582,176.41228197272457
824,1.9687179543357016,0.2327328145412808,994.4428152653313,1001.9887842174151
825,0.1718491999548166,0.6409744669040852,304.0385926090292,215.65513330124628
826,0.3751340428615064,1.360478682564903,75.2062242017727,319.19167567748593
827,1.0483149519006354,0.2163826445593925,1168.4161330054442,654.2126738683949
828,0.9807848972544456,0.7201901199413763,260.0972885541459,235.09410337104694
829,1.4809433752957029,0.2774127966041008,363.58824895276115,738.7593803420348
830,1.646304906833398,1.8718244016346373,434.20379063452407,168.41188717712376
831,1.2634539379038556,0.954718755598873,78.72422327113003,234.8919170061602
832,0.1995838187886414,0.97457779006895,316.30495634791134,293.8419235279123
833,1.9857017760181304,1.187256111519403,567.5711938437155,300.044350754709
834,1.694115947465912,1.6975497067460228,140.49694368130815,168.94492509476518
835,0.984537033677204,1.1198921415930765,286.967370811016,165.35775964350265
836,1.5124530455106242,0.6859400042829111,336.40108950509335,408.5947381579417
837,0.3380981024249472,1.7470096952288474,419.8095601208809,397.77630033835425
838,1.111035196656895,1.526392537996309,235.21478850184747,185.2183266724137
839,0.4607023543634241,0.7051035578840243,789.074721244734,168.02092004964084
840,1.3686528802337885,0.519106399984731,353.99694027247483,465.05794998270744
841,1.441756832444106,1.3279216096410285,252.51593054760562,183.7377810241934
842,0.2813079728917402,1.1142748349431668,113.4371135645428,301.2870169408507
843,1.563701015890394,0.5518065475337304,746.0887248625363,503.1741639244825
844,0.2863189592791195,1.4843731644453004,288.6471595096259,379.6282632948842
845,1.277515436412269,1.8312776203664376,470.81156962492014,191.2516187643492
846,0.5736828637508815,1.986250675609849,68.53778796545946,357.71585321747125
847,0.790955564888534,0.6606127658264869,337.7184767239165,220.06784890733377
848,1.5909695654983371,1.4145027166588946,62.68476126070652,184.6531444042384
849,0.298239851429426,1.739316360473836,313.66101172154407,414.40747344329213
850,0.9601784912135504,1.1799367194132433,44.31501336557155,168.38499123811522
851,1.0579440394366384,1.5303344449662826,366.95911923630644,185.77787663425622
852,0.2846447768771507,0.5877942329732384,96.60036662609976,177.11839215853962
853,1.2722499920257666,1.4351622000876656,388.75895060728226,167.44458776757878
854,1.6040321250561675,0.9519815599547512,244.3571126497089,305.22411468291267
855,1.0057314114584748,1.627040793148897,438.03282654887664,210.7425392938099
856,0.5270386225185286,0.6722557089280385,89.86112254513333,167.28336317569796
857,0.6921152044291603,0.8851014407643758,134.18397973303678,169.1075775543672
858,1.932198769890331,1.1479042349717323,41.390096260717236,312.5270789516468
859,0.9308357723829654,1.8350795552832813,174.0547156798974,256.28133655227873
860,0.9390674442878332,0.3968025420343853,251.29998906155583,403.3571670421076
861,0.2916182002868956,1.2116333501089382,156.17849533488896,317.3856757125337
862,0.5890243538930309,1.4921987341263234,627.4366740385367,287.40667442298593
863,1.5767099729789238,0.6062970537120681,440.97260214111157,471.8994887556033
864,0.8396712807357158,1.67471024337273,136.4933270329446,250.98394753632007
865,1.199040555552651,1.8389740880482623,125.99275414270163,206.70752030095082
866,0.6278930930035831,0.7571409566023437,198.56223168661782,166.19757460477052
867,0.5361577376007132,0.9693490875563036,127.568761796992,200.7255951346613
868,1.050217392949496,1.1227332224472175,346.85140750304134,166.99999996960585
869,0.7523072956578176,1.500052124133473,298.0190229618929,243.67853697629747
870,1.928086461331448,0.332545240480367,898.1732956554432,841.013912580044
871,1.7454324792572602,1.821129160633853,261.340681249972,168.24119799273538
872,1.556258469664372,0.9171413052462114,243.6050237414299,316.13061860935954
873,0.7810964279417816,0.6294296566372747,154.49569373947247,221.77316243557655
874,0.4363947169170348,0.4059458479562413,296.6381681992601,218.76469751551932
875,1.535866884322115,1.1480266996950326,216.04096239253153,226.33230951734032
876,1.7174261826276014,1.972372084827842,86.56857704201263,168.48611215465385
877,0.7511512684835482,1.4726480146292915,206.6588116111242,236.17842821612066
878,1.163232001696451,0.5674820667518374,571.2474718748252,366.0142678330367
879,0.1533395114270135,1.963196110252696,706.5910619030844,491.5857296789979
880,0.9080293349682004,0.3490907448078643,605.2434612590647,437.8597454254485
881,1.7822114940203173,1.5472706638515337,52.493641343223146,189.83375956863895
882,0.7979043866888729,1.4340371460212893,169.4118666066764,223.20754319738052
883,0.9959327909599154,0.2731877091915288,375.0208067828529,548.9319072642458
884,1.08888008601385,1.5865854542193003,224.9952265877905,191.00464132233117
885,0.3928094598168752,0.5315172879344967,158.19393689092436,172.27492810686303
886,1.3405785421276766,0.3795026803274947,632.6013264330337,574.5286022710958
887,0.8985046718115104,0.4112788008302014,239.9516099712587,385.196869541406
888,1.565640448267548,1.5820903206867512,249.6833339341254,171.5546644914462
889,1.0404966674783116,1.3329239831818036,421.9992166457049,171.40093571138894
890,1.7514557896553822,0.9730366410501494,123.40174833533852,322.9191896534874
891,0.2193173592835606,1.6442902404199824,253.0437588361679,425.31681598354487
892,0.3271463203132203,0.8278602495442462,244.27833957396305,216.36955550419933
893,1.1603338514937616,1.9133008123758617,59.18660892635906,224.59478368505762
894,1.684282776315546,0.614959007310448,591.6274795781143,487.900330745361
895,0.6541009647617733,0.7349562035066677,494.95498104605235,171.1390849236847
896,0.4626270076063576,0.4840066478121794,110.22814727794434,192.48958784383362
897,1.1550844489470615,1.0157630809437397,272.8726286267564,193.9882044673027
898,0.2538636251212856,0.6020171788554775,459.84988363756105,189.4709410194541
899,1.3701732240364544,1.3458433635691929,174.40637051972067,170.08288007361023
900,0.988591768395287,1.4770866605792763,170.18752513379604,188.81189067215325
901,1.7487485648319694,1.1959264108223406,154.23585579785748,259.28632529104846
902,0.4902135171634254,1.5784976963127282,212.7904946240603,323.14812874071896
903,1.7433268586453357,1.2746794436643736,216.12450395354523,241.2116585414792
904,0.7136644937323207,1.1800333496011557,220.5082260221385,193.39342492532012
905,1.3601256728294937,0.6797830526968476,266.33982023536635,366.6188105915913
906,0.330454761050829,1.1626954369487303,83.45236312005416,302.40236292319815
907,1.6832824552542929,0.5269153551843779,694.4728854166613,560.2177104767843
908,1.160387801017864,0.5563267683392286,487.33426083462143,369.3477097488504
909,0.3368415561824831,0.4167037288383243,441.5157087826712,190.51195584980314
910,0.0203791733415472,1.7039738126064183,376.9507936927343,501.6755965579259
911,0.3411419152667854,1.147792040025103,47.94789644889316,287.01883753082177
912,0.5265946642641341,0.4504015327341042,350.1808620956348,222.54563069548254
913,1.705703265319762,1.7005606095537202,86.4795989801377,169.63480861375393
914,1.652195537253082,1.1922974647173117,260.1939993920938,239.30477873564365
915,0.2698399205330735,1.850842242698883,409.5738152033207,433.8953830181255
916,1.7178657537789002,1.1658995679911293,325.4583109527263,250.08004527853498
917,1.116651759375961,1.6787205869443491,127.00570666417774,198.6439481890085
918,0.8819553041947599,1.8554172660302852,795.6581846898001,272.62532237723315
919,0.5506922652705848,0.9068917115490482,145.82740766383017,179.67264928489888
920,0.1593109307911442,1.1203233684176994,604.7571365766894,350.70987353253736
921,0.2592939321373793,0.6981324782132878,283.68487771794344,205.9603504910629
922,0.8829133147353727,0.6156311608529342,119.20217395175045,255.78180676808006
923,0.5871588653281361,0.7244457023560524,61.77072767648716,167.72869843171975
924,1.7176040872715377,1.9615453915209176,53.609936615312044,166.2502137216972
925,1.2690606381955871,1.6537252979299857,269.87870087205533,176.8117052467287
926,1.767009110709878,0.551147496083924,909.6350495951394,571.0135560782132
927,1.8748416130785257,0.4838605359178618,704.4815435186365,650.3342638324905
928,0.5081032215349919,0.5573689135318856,295.9270006958176,183.16569015676188
929,0.8406990104160372,1.509957232693161,125.72952170313185,226.73662775000844
930,0.1846679689031392,1.2425694548874746,190.04628779540823,362.84718566396094
931,1.1917658028580589,1.4916602462655473,73.94430158245414,172.22770633968835
932,0.6650730260935951,0.2216164754045862,384.59639668373137,465.6504644213095
933,1.7768271646582574,0.2171578533972595,766.966188906526,969.3173525384012
934,1.4935640146576017,1.2019253358262851,97.32217706686941,209.90673477969193
935,1.7014276977124376,0.4267047804876615,538.0565409105054,656.7403620126363
936,0.7699310521921388,0.2253017989675182,828.6632142887572,514.5013516557293
937,0.5993393290341447,0.518768587580009,500.25476946412556,216.17488171391787
938,0.5750633456877421,1.7144827029622622,115.41168211852596,319.013180964372
939,1.0860717340409505,1.927900999931038,575.066373588566,237.8092571530339
940,0.6668491073481615,1.57918624259,128.50385596913827,281.98325445785986
941,0.2110428493825191,0.8975652411669648,135.40836157441836,273.9679406658843
942,1.7312000750545502,1.0532107660386345,506.4670570536814,286.8887016016136
943,0.4517778483432155,1.976434375508733,773.7004256150789,402.52249635909084
944,1.9875517490018744,1.8542893039933568,214.48770672874286,180.4175490086194
945,0.3281082294254522,1.6830153069945393,46.47484139478383,383.62529799900176
946,1.96350368814307,1.4743988036793736,186.60011046670925,229.8986807472665
947,1.0398549075918186,0.8895819878672857,243.79188663809344,202.653804228155
948,1.363416156797508,1.9853259398059808,267.75542895305455,197.4314202015423
949,0.6702751312670463,1.8218884441078504,401.1122986258154,313.2355161663366
950,0.8504120837776814,1.8315793995712053,452.58337529276935,273.8585014771597
951,0.5201944496863022,0.5381128635186548,62.919121406458146,189.40767788096477
952,1.64607808167656,0.8618287014361843,405.66265563242854,347.5456080751979
953,0.6364191730117785,1.5483073712904905,120.08564238946089,275.84874320118604
954,0.6982862866242254,1.82946997234983,1012.9390597929039,305.3432382979435
955,1.1710772432000256,1.7138989565998082,502.21942119446527,195.13630833858377
956,0.0906026236511448,1.084477416624701,452.3684838480158,366.73478154203383
957,0.5639583091134397,1.0740210537129262,45.67380470972643,212.45452145169602
958,0.672029746032974,0.8140081602477653,52.22790906502748,164.90949941388976
959,0.017607925378859,0.3745236774758385,270.24330971596964,202.3699483163908
960,0.9851161789633408,0.2549178914649735,262.51503109746164,570.614525148147
961,1.742852419041354,0.814508991301857,653.6424257348391,390.5911533460859
962,1.6161400026815604,0.7708390551295654,674.9017910953885,379.24860548435845
963,1.979996862326613,1.944533329588911,364.61032071248866,168.72501074432867
964,1.642267586388261,1.4834589762862462,436.6010668409918,183.19358498220518
965,0.8842144873513134,1.4799345577042933,137.28653976113281,210.60186694282538
966,1.9349246890641647,0.5789487669407059,693.2537416188795,592.9693650234487
967,0.2614142342763188,0.5737003454838205,166.40913384132162,183.1440677822695
968,1.0215185449071658,0.5049972074450932,419.29556589879377,358.1026569125187
969,0.3550189459895672,0.5089035876940393,269.5002378087616,175.66333351461324
970,0.5356270775922096,0.6309813016310792,186.86216397590508,171.87772600755605
971,0.2632421919795684,1.101885015172844,106.09245664174003,302.26565705456795
972,1.482550636938531,1.477556354760837,271.19108290602946,168.27965511671385
973,0.3839290377853912,0.7023210973046543,165.498660619782,180.40021072273123
974,1.982101487831712,1.1105855920019174,44.369029792733734,329.90978182496633
975,0.2663684995661253,1.2753523185686928,0.0,334.9754710507912
976,0.2597807995889485,0.5683154696764114,80.20545278746677,184.1526117824586
977,0.1065842490504802,0.3687892846795506,378.28955271256785,175.8025326772154
978,1.8623783495490944,1.9275347734357025,524.5008009610879,168.26761978253998
979,0.3828718680617011,0.5948243043010302,93.12414563168193,166.91627048423257
980,1.2354597667092255,1.5492350330036004,44.27000902201863,169.31429433752595
981,1.2953068746509595,0.5098090941487908,250.85483551599853,450.487019521806
982,0.2952333752444511,1.872660379591209,643.3628900554869,431.17933407816844
983,1.812503302887558,1.2729723484793662,617.829091324309,247.547128789648
984,1.5103373940509115,0.4405089525698754,721.3552762522945,579.9504097526086
985,0.5185772771530777,1.5985243354751322,201.0702792227299,325.2704095875616
986,1.3538065760758426,0.7650455545312471,345.4223774119249,318.0393046884974
987,1.116162141383423,0.8020916774102465,374.1789849284576,243.36753669816807
988,0.2495325212074908,1.9225801355005816,70.70815489421118,450.1886417465013
989,0.6799554484409838,1.6450910960466676,496.7491801583336,282.4009614681219
990,0.7293469099623173,0.5685429079714246,150.74184464209932,232.8709720128992
991,1.7782466034480569,1.9561197566448127,116.85115455776437,169.07801034785908
992,1.3712409597103783,1.2535414224310155,157.80145566087876,183.8159453590389
993,1.599574779368809,0.6736930822924871,620.4688350528409,432.3215142147589
994,1.3443543034658447,0.522233597027234,488.48436584941453,454.3741076544948
995,1.7960260766493368,0.5572611646983827,744.1357134315753,568.0239489355389
996,1.7838104348173351,0.237643693302479,260.20954712442307,928.3725847647341
997,1.2467817149588152,1.373815199300939,275.5330396820877,166.73201242565156
998,1.7772098933022311,1.8464471952720167,263.96921211114596,171.54609012504088
999,1.085938972949386,0.9870458964037152,103.65205097773108,187.74073921494895
