,a,b,chi2
0,0.8907313813100579,1.7739212819523444,216.20427176008954
1,1.3062204961467991,1.4903048837020438,289.09706619607925
2,1.6535865971637405,0.5389293324386764,3679.6070564248407
3,0.6668052962367559,1.3759976793264828,1011.9102107513811
4,1.1052315740874583,1.2439557812098156,246.61275281833528
5,1.663315868538504,0.51496616027185,3960.948378849397
6,0.0205672266388587,0.9178919955794324,2519.429106812129
7,0.838095226286045,1.297131433042913,560.9738893745279
8,1.597502399451678,1.5135087422237072,205.89593968224773
9,0.3304939863778136,0.8745564421557939,910.6172594261494
10,0.0962940885641709,1.890658265036787,4851.537014314651
11,0.1197409779453018,0.774220409827449,1429.542528490676
12,0.6875685829401954,1.3929094224232004,1036.0106582896124
13,0.9999827747465232,1.683204303088043,824.3402461789191
14,0.6804481565908955,1.0610988861190875,519.2169527311545
15,0.693864398216314,1.6356422911998387,1343.3653961081397
16,0.7297260389700999,0.8490596697834243,223.17398029243543
17,1.552255432016843,1.7019879899274388,232.19776341797544
18,1.4260149888242324,0.4841972175922937,3286.7600933314566
19,1.065905106752443,1.5167138280749433,499.6870360347199
20,1.97311605523083,0.7220739956654632,3045.0469940462854
21,1.8570942117243656,1.5309885647174966,250.09237886934523
22,1.3666940094306426,0.6604961384543322,1518.6228603777615
23,1.4643081699841591,1.9298847333463949,461.70213997920047
24,1.311455288828701,0.8810535597411828,569.8083652512227
25,0.8195046821660967,1.268383749017966,575.8897153227794
26,0.5885787731013465,0.4388948060513143,503.0373560152561
27,0.7814452471934508,0.6982015774009145,263.76951642647765
28,1.1755856692904678,1.9204840143765936,792.5399192001643
29,1.639799648107955,0.9110543452438344,966.4345455525557
30,0.8747330802559856,1.0178006868779588,243.04681400006228
31,0.0133082945290636,0.8426766088346711,2422.0097971296495
32,1.7490271265060942,1.688555789338525,221.11868976603012
33,0.1691300508876914,0.7048948745741781,1080.627724303931
34,1.429605758743254,1.025653860264542,433.530384998692
35,1.0349334699981088,1.72620015227585,788.1639894034662
36,1.3879156674386,1.0448186471536378,365.69338358840747
37,0.31607598746484,1.8701875298650728,3503.0521914847172
38,1.438402545269898,1.4485221922855005,216.776529179517
39,0.619706169260803,1.5488266815982434,1485.1959465244627
40,1.979370725705875,1.018817264404643,1333.0307778363158
41,1.4014818903740467,0.93508555394297,591.1141527495137
42,0.8088192804828582,1.9321364336229128,1602.6147643927525
43,1.215364474373545,1.7812317222208336,601.7794424693589
44,0.0898873565191191,1.2291222500493617,3156.2507874897005
45,1.714678672990913,0.9620061741520712,1003.5161377213215
46,1.2921414559452122,1.1434691649438438,240.51219622073666
47,1.974438806616344,1.5793722120471525,284.01960030852587
48,0.1364796663966643,0.8248620605715544,1541.5139204712077
49,1.3281429919028584,0.9876308071439924,391.18381504476304
50,0.9217799284721616,1.438143349424888,580.582194929718
51,0.363639658876969,0.6818944878548923,434.0863865813112
52,1.5505214983380151,1.1616059541996773,361.94016945788576
53,0.954015587736341,1.4607481268442692,588.7117972498019
54,1.3712301398276177,0.6455163140607326,1602.9065084353983
55,0.4154773006422629,0.54873626290757,235.28185935745952
56,1.146804567720786,0.9015024996858668,349.4810555568535
57,1.521391644670827,0.2227894615394125,10477.004290438292
58,1.1516485710763404,0.8689972123618392,391.0352162852385
59,0.3653447032406836,0.7645084444894075,584.2131854334391
60,0.0644511273032841,1.096893701142546,2871.4734408074537
61,0.7279716024434049,1.282807669774995,739.2838479421787
62,1.8352956163539844,1.3758213554821292,381.7066429706056
63,0.7153644719318257,0.26981113246683,2237.568765416432
64,1.2877763967867109,0.601648383555506,1522.9936584194907
65,1.452316717162048,0.3397572049983004,5670.701582739115
66,1.1935807765599793,0.986449017459592,270.1701603868086
67,1.392927966155811,0.7905468881664504,937.1081651208896
68,1.4810373886734478,1.8888724000144328,422.3794961144921
69,1.013491065811057,1.4443958166432669,460.1701252914053
70,1.8784479242458216,0.4988971612398204,5458.653689280835
71,0.6368621368771121,0.6071664593402388,242.38359883922226
72,0.619673383314882,0.6336318091906565,226.47027073009158
73,0.5723420188330621,0.7201856367617465,252.44137433909225
74,1.376323381511299,0.992871388049879,423.8544585197418
75,1.6287874028366405,0.3609427441580618,6621.259094225218
76,0.8911937339476084,1.840629256290436,1296.647403195616
77,1.023799524462972,1.2541480520719834,298.6435449418159
78,1.2448993418599636,1.7004896171050796,483.949003975562
79,1.7894843471851358,0.6617804221408692,2881.087784793943
80,1.919852939163318,0.8766138216805943,1833.6891080661296
81,0.0074940495725566,1.6222563805087795,5036.828311746509
82,1.0326484355351702,1.9225775144471493,1077.5938815554885
83,0.5242907842379585,0.6067032522426411,218.28608015395886
84,1.8342851139154803,1.413412101161583,338.17450405594525
85,0.649624998264114,1.2111412921798377,822.5047812130844
86,0.3623715143932899,1.7330787433537618,2905.8165034675653
87,1.8847502154647668,1.3808174878264017,383.2155143789412
88,0.9821054722064076,1.720231740037752,889.6392675790947
89,0.6211387741588357,0.2735233254475436,1672.624058627556
90,0.167822031755525,0.9576198402868512,1856.2909768049146
91,1.0883366387619942,1.757237107810995,760.745220743557
92,1.5718116378266345,0.2503683567068773,9613.303747222784
93,1.8513046807949565,0.2517550595481741,12269.24355917242
94,0.9842495436209532,1.0038318713811698,217.5753269731043
95,1.9995268914559443,0.5528399578356002,5190.784510884487
96,0.3457696461186008,0.934685014943568,991.1030643238673
97,1.318187278949592,1.7432352153624002,423.5441354425307
98,0.8241282294430068,0.7291392398829017,268.2715728860398
99,1.660204827820409,0.3348103861696571,7437.205288030529
100,1.3034141697087591,0.8086138970898169,687.4127147325926
101,0.9678911016497448,0.8907494636557576,245.16947371119943
102,1.3059127131252246,0.8514627947767859,610.3838850395966
103,0.0038871189290614,1.5159683278557905,4610.227437906655
104,0.2010978988302487,1.2042175763024734,2371.244562426849
105,0.7391520701310226,0.7929246916554329,224.7420147872921
106,1.0032381137459148,0.8228291329774335,316.19696738259546
107,1.359936044011519,1.2276315928156811,220.8814709507434
108,1.879423036387428,0.6232508416209446,3695.864190540268
109,1.503432833297663,0.5778192152910128,2690.952765345147
110,0.5916705006115992,1.958918321664315,2311.8414944576966
111,1.2801274289751057,1.5296821965716436,327.4637922266053
112,0.1830191206530922,1.9827892213108596,4528.904517840926
113,1.6973415285965914,0.640304399045632,2775.5840675089557
114,1.3756563171321416,0.2313092382595473,8169.385121658103
115,1.9755277503123216,1.0658853730826994,1207.2341212057609
116,1.655193802679397,1.784434342789167,249.1012438590056
117,1.7465718363576808,1.1122658792316673,653.0632350467814
118,0.1947401265384969,0.9455965560455456,1637.3820321274723
119,1.7543681809827365,1.0068623402856658,955.5282533472265
120,0.7752884223448866,1.3843734932062437,791.5956049898576
121,1.803705072931576,1.775620462254843,212.73432376244958
122,0.8329686114850723,0.2889480177218795,2706.381343962012
123,0.3865273839085914,1.7196685919844144,2720.8837291428736
124,1.3392486997730524,1.5526050939577094,302.5728557381201
125,1.231928726188486,0.930363642716722,372.39450699567385
126,0.9799626488774216,1.171286785816113,295.82326316981835
127,1.8129560850685056,0.8371982430707339,1777.401932433005
128,0.7641477074493248,0.3899400440099432,1279.940321632379
129,1.5267202427827231,1.881779070928188,384.04965208974966
130,0.3403221697321346,1.8031713266700065,3166.3390092729687
131,0.6839281497177694,1.2337530379968549,693.7510544565922
132,1.9117150002516443,0.353402761114081,8809.231584621786
133,1.500096377108722,0.458036842410485,3984.892174779427
134,0.9056635417469708,0.86983332612197,216.8477576481226
135,1.7007671511789926,1.569419102669803,211.1064783163534
136,0.8115014334244899,1.4831524576529245,872.3359408072653
137,0.7807482118453817,1.346431628922769,748.9898338049381
138,0.1671084708607828,0.2420069770052731,289.4334017850917
139,0.7485535587365284,1.7024396130170736,1385.4392635415809
140,1.1202991701611096,1.7659044997293052,726.5099669710197
141,1.809206506532981,0.2253811829343427,13038.59866973623
142,1.3757499277724468,0.6008797490931929,1948.1835449700282
143,1.6112415714770183,1.0638636959561285,587.2486089304559
144,1.659585738651738,1.3554875098110777,276.1420193657215
145,1.0107723913164517,0.470215826546394,1591.0193361024699
146,1.7770088723653996,1.1515490231472023,612.9263337882352
147,1.406245232135277,1.7194455825340942,394.2970915914122
148,0.802607251250649,1.5723850981509593,1003.7823664906568
149,1.0752855440730988,0.8736842586687441,277.6055333326008
150,1.3365553051630097,0.5329637838922285,2335.9473183137106
151,1.1536041193632702,1.69515701133593,619.1979711557541
152,1.8626888748774768,1.1183232381275492,831.9734001907462
153,0.4387654034269588,1.764562439428592,2651.5990298017473
154,0.4881717842870592,0.3783186159032076,489.39404732313614
155,1.5204483977963743,1.2030131670927968,319.2835126660321
156,1.022387641601311,0.714133449343489,527.0510372758399
157,1.8355974969124813,1.6720143401213152,218.14642915451392
158,0.2000807615990218,0.8654423008340559,1373.522999806096
159,1.488622635669564,0.617166084696515,2180.5698591067357
160,0.1176743804594977,1.594314699080156,3892.9736376680357
161,0.5768242206607059,0.6381815742406778,225.58082682852745
162,0.060134705648903,1.856275776427049,4931.1280085628005
163,0.4820075267436987,1.195782286999104,1248.7267709200028
164,0.0804589456260471,0.3695528745974227,381.37554704086835
165,1.1541039978737064,0.435090600076117,2476.7461035359024
166,1.9273206362244613,0.3477461474234773,9133.654304759344
167,1.5180683139996598,1.2243761190290805,277.31948796163095
168,0.3946992427588105,0.6769296540022162,411.38462020429955
169,0.2329481430351427,1.3230370543950445,2581.8433844350157
170,0.6761048658713598,1.340322484760644,915.2555596502134
171,0.3240312795863342,0.2337403035065227,788.8907492614146
172,0.4936438900397812,1.9900451578629264,2833.710098616197
173,0.5830819309095903,0.310342814123323,1177.4242627492881
174,1.429801280145094,1.2376492546557702,231.51937136913205
175,1.2569300535752848,0.579269972906236,1693.5444185597319
176,1.3631465999589911,0.268254715929441,6991.414031944164
177,0.4004732821410766,1.5181959051130445,2277.8606335580535
178,0.2972019905694909,0.552702615191813,327.0553774463449
179,1.325593715821459,1.7743262998552194,445.22812736248443
180,1.9844622950762585,1.863156179463747,214.00604268014496
181,0.3141982829033987,0.8862897151520162,1004.453083169187
182,0.5149835958837807,1.3311812105799408,1454.799149760892
183,0.0308557417054335,1.4207849076388706,3949.117676931848
184,1.0245569168552875,0.2220059804135902,5582.281417361354
185,0.3708245477254841,0.894339406103283,802.5849534033587
186,0.7613637644918589,1.4324905761545192,890.4357244140626
187,1.2467666882059805,1.1688576594132176,202.23848904135357
188,1.305259402690979,0.4326054322772139,3334.0235757574305
189,0.8197207520086356,0.8834581131287456,213.94623952547482
190,0.165811084234086,0.2974880995735394,230.61844948917508
191,1.3534198325297897,1.39713385217905,226.69743937062023
192,1.3080416324161772,0.554655608897229,2039.9348496412595
193,1.689001429584453,1.522301812672706,223.4071974627322
194,0.2845387264578758,1.840461291340036,3595.645658739035
195,0.5306134793130988,1.7631604434533878,2275.1230445252286
196,0.5882381457514361,0.9477376804076354,480.57236304929825
197,0.3365866220500844,1.9928605049399932,3534.1364151436
198,1.7555420714843373,1.2981901905150632,340.53635044300364
199,1.5855230536948972,1.700936856254399,220.09225957274134
200,0.6232752540906907,1.0929188904156637,668.0300142414982
201,1.0919003460432637,0.2239163178511488,6117.978948606634
202,0.0713432735132582,1.6335178874637388,4285.354916451494
203,1.1707299827235695,0.3399549837982468,3987.2046668095327
204,1.4063736086883307,0.3401527479860236,5432.035781801686
205,1.0700666975423432,1.204270615289246,240.2188048488389
206,1.330010373612002,0.8043101888736164,803.6622535216721
207,0.6947227249714831,1.2829701462766483,790.030251068416
208,1.126710372042878,1.2303582250086036,242.86531396614907
209,1.790455231435731,1.9792364618201328,269.11697045948756
210,1.2217254165687683,0.3834839677732411,3544.719580646
211,0.3501043750630814,1.0418823229753316,1239.6562026410147
212,0.0845596213114572,0.7950585540572916,1770.8646725717629
213,0.0448483192750839,1.758003670414064,4863.99394475991
214,1.597683415079597,1.441048004511365,242.7724282734085
215,0.3084801201280682,1.5665302142321058,2641.1091007619084
216,0.2950427878400186,1.7785964907694836,3304.654307722094
217,0.2424699018166596,1.8293491438022773,3737.151385442838
218,0.5116187310058822,1.3287780873701287,1378.825374358059
219,0.92280489530014,0.522281651491197,988.3671719954
220,0.7465779815720854,1.5472666361389031,1123.6630600155327
221,0.1836626465494812,0.8908580628676277,1489.810557492957
222,1.078963472586703,1.1144179598428072,212.4754190028263
223,0.4740250443418334,1.6496181205402105,2151.8252329778275
224,0.333007570214717,0.932666062061534,1088.0572005529764
225,1.1424549451091692,0.4660309643797745,2091.2936260406564
226,0.3060182243606664,1.755804632513838,3246.7966391886794
227,0.5428107328107641,1.307666071859955,1272.2391223408974
228,0.7296392620996965,1.3626348733845397,864.5471478427155
229,0.3544792050666483,1.7403067329623938,2797.492106391059
230,0.1547257212220258,0.2008957096919732,449.2741285933215
231,1.4548954486852452,1.801901629734897,384.46232717381656
232,1.4385053753392625,1.3679691319454033,215.52141456782604
233,1.537793687610725,1.6192407997093097,229.96125201815877
234,0.9623771577062784,0.7429053957525731,376.42180722202
235,1.240579958165461,1.367496459158088,267.89063112145067
236,0.5102705957166922,1.0523136061796392,828.7943436961517
237,0.0168671863801403,0.7541559442568702,2044.873944051548
238,1.864586893837328,0.739935708118401,2486.9627515470647
239,0.7843393047940319,0.3385835229909436,1864.6641259567432
240,1.7688480307611878,1.7043177912597076,193.50329679486237
241,0.3336530408992142,1.6380845288158403,2719.504163896233
242,0.441901567058959,1.188922873207251,1308.5943587664344
243,1.0366551918875313,1.2795506119562858,300.44693291640334
244,0.123570808234402,1.3125518171575226,3068.7180475514233
245,1.5265920607866137,0.9119738404202692,766.6045063346621
246,1.6980322641098315,1.711643655008683,214.64845745353836
247,0.0767477004263683,0.8103451909345856,1787.4793958304472
248,1.4936375552522103,0.6561622763949284,1949.553383109354
249,0.1802898298190829,1.6736988469526386,3801.541746237291
250,1.255279663674869,1.2236604782585483,216.38112361113494
251,1.1727951176738265,1.0545028991106462,226.69144364117963
252,0.7840791896934247,0.5487278567876582,538.9167184467473
253,1.148351118203382,1.767192167753779,690.9305967726702
254,0.9210558224447952,0.8635637379056225,231.10066333273434
255,0.3884320375038217,0.5810026042434743,265.3754382781301
256,1.0400907685753105,1.3749163755110752,383.5161456900365
257,1.364863090927988,0.5046443216357908,2560.564597307289
258,0.1968571845640194,0.6861374527191465,855.5582765583287
259,0.7373155846784212,1.3651477703995012,842.3814979188587
260,1.3937112533218188,0.5252748282629369,2597.21836497338
261,0.6514315532717645,1.7823209267607265,1839.5540524693904
262,0.6993523548669616,1.5825299139288829,1366.610828887361
263,0.6926819566654991,1.0856274042730587,501.6228797172776
264,0.6687739758848061,1.33652206629339,950.2984320065185
265,1.7632120399096471,1.765736950031095,202.40234672218645
266,0.5385418256723911,1.6763086619667062,2029.8577311812885
267,0.6182192482245068,1.007317383119735,519.6615289351802
268,0.9680010706205048,1.8359480184248265,1091.43356768808
269,0.6575428437303421,1.1703452552569842,703.635883752116
270,0.4403449007273923,0.9968069093660106,892.1291128655156
271,1.9594815225070377,1.6217420983410122,260.56493181047233
272,0.8332018850930012,1.533917984679975,932.9585470710288
273,1.6703798972940684,1.048428665825346,681.009128081587
274,1.186839051840024,1.2388592514326686,213.36652760075623
275,0.7900613057850521,1.5101647581751607,953.8658079686556
276,0.6481189377793,0.8845467167044325,348.9016515477366
277,1.6185321327330682,1.5197359284170024,212.87487318810355
278,1.5541529369488476,0.3243427320268034,7051.344870132236
279,0.0507080898783627,1.2843921640607785,3386.145916138747
280,0.9635774631248896,1.3211574701024142,455.74518198847517
281,0.1357595044919233,1.8328314114691144,4374.6625553959375
282,0.6855739931980147,1.3321822661590306,911.0680182347521
283,0.0287895501107033,1.2714830029866016,3620.399004526918
284,0.1161230677118905,1.0149970120150773,2258.217354130978
285,1.61528753359125,0.704421279086757,1959.2376396880043
286,0.6657874214688997,0.5275073798238187,404.50260405141734
287,1.3158790294481602,1.2550936278692086,211.80159241470398
288,1.652951540008497,0.6810346062287287,2218.364708344404
289,1.1185599483511086,0.6746672575311661,821.5289185726922
290,0.7182501455936605,1.890646183744061,1861.0133723453216
291,1.232837834309083,0.5016109430755153,2191.825790309397
292,1.6690686835963144,1.3904416646187767,280.17175040852175
293,0.1734879915850349,1.234804379505305,2617.4094903485575
294,0.9678590041755704,0.5155690129912629,1116.5004862646751
295,1.5326742566495126,1.894213014760465,350.4883277424624
296,0.7360746979241906,1.5212699393604237,1172.653323335107
297,1.8645997992188017,0.3840817958184876,7677.683711506285
298,1.2050351587080026,1.1076735653579437,211.55395874232974
299,0.8095194534181198,1.0355595584792323,321.8473351064029
300,1.1581797184604832,1.9794592811213476,869.202279052164
301,0.2786062383713994,0.8557163612132781,1003.0660270976695
302,1.2533742409099162,0.548304444718474,1903.6974419773655
303,1.5005355602120565,1.4826493610876967,211.4247206365724
304,0.9785784839736044,0.2069694190378823,5554.577015400132
305,0.1624897744298554,1.8242052926069805,4255.4923743100835
306,1.6610713570060107,0.782226280859333,1694.268255006691
307,1.762024903644968,0.4941449651192838,4734.760467039709
308,1.379363226971027,0.3544035279456995,4938.908307122756
309,0.1129725328745556,1.858029134830628,4609.306854633258
310,1.9680441695728368,1.072108256345082,1098.50961372171
311,0.8249665107171289,1.660981971337825,1141.100237048131
312,1.8094428158182096,1.7315479473831474,218.69666527236802
313,1.5910313615534817,0.7774219424689466,1484.210715328252
314,0.4337408391747972,0.5247935108154752,221.3602636894344
315,1.1833908520390348,0.961577201406373,290.62922911499777
316,1.874436696607243,1.389447778043441,389.4887059081704
317,1.9932422867157409,1.7498065091955926,233.69142878816783
318,1.8330976954802567,1.491154523842899,266.86647465385425
319,0.5635347027669979,0.751754494378915,248.9620651961446
320,0.1831033719066432,1.045658220476149,1985.1402452862294
321,1.7987241653182742,0.795077201301341,1928.2925855892097
322,0.6051870473470489,0.4503499810205364,512.6394840552686
323,0.1736963666023823,0.6509327780970782,851.2201158785225
324,1.661415050587587,0.4384271916062213,5276.761498846564
325,1.8155160005248565,0.8441137725098324,1721.7697596334292
326,1.093058680094409,1.5028059477324756,490.84428136688166
327,0.0627878138602293,0.5451461661226452,999.8529350496514
328,0.7499861516560355,1.6199536058231263,1245.9026051514406
329,0.6282815689422561,1.331544178061951,1100.8932037199684
330,1.7869873349297314,0.3088168940161755,9389.343875234725
331,0.174227095305699,1.867911347822131,4292.250106314104
332,0.5256884672425624,1.0172263055076998,698.9134167820355
333,0.1857984666661694,1.7871414302888209,3894.0934548382975
334,1.2519070125877465,1.5035851420591004,328.43929075306573
335,0.3690638372293353,1.4534614795150609,2181.9456264135906
336,1.5595567846224518,1.5549167424863497,211.24317835407706
337,0.2805057453261728,0.6780907398909329,647.5158276667037
338,1.3328954593792288,1.0381380028672118,339.7900634179088
339,0.0944042366910611,1.5909314785618731,4146.251246995835
340,1.7503977072141566,1.229397968095892,476.166047422844
341,1.9445336990329536,1.7144101955380142,215.899138427356
342,0.2273214146147659,1.877282311901652,3958.5198786274163
343,0.5240600298396434,0.4072928538972616,468.9803218183513
344,1.947942833187472,1.0513998471965238,1121.1346067249324
345,0.1378828646793011,1.5951089444208273,3794.795621802233
346,0.4143306515086749,0.4811108198875763,220.21150024733475
347,1.0533557666043458,1.6579723071540682,701.4196318961053
348,0.8317718782350896,1.5972629435326875,984.7956899790089
349,0.7018619136297415,1.121229942839135,596.0207816627454
350,1.4175381468677355,1.03039671130238,393.4410188512295
351,0.8640850224219172,1.180086366495772,421.3146205633308
352,0.9413614172674812,0.9700680194224064,226.6724612475981
353,1.5891851230483476,0.7365724498063164,1672.1353151915564
354,0.0020209131975343,0.6184193260598703,1530.648587398306
355,0.3124521969932956,0.7987307171353453,820.4772538674225
356,0.8913363338688505,1.323673664395607,517.0711118105189
357,0.4919408158072968,0.9270936468059756,622.0608246962214
358,0.8416793508890141,1.8730696071743869,1420.9141367038935
359,1.1494365736382262,0.9283219466535716,292.4750047426536
360,1.4236731546044985,0.864465045749881,766.0648944556756
361,1.3510834249555816,0.4731020762017075,2967.4848314939163
362,1.186517057094743,1.9041496198346908,768.9168132284956
363,0.1841291138506027,0.2472323786346365,327.6564400548506
364,0.8571892594519712,1.3576481498163366,629.5548533830777
365,0.8414093873218753,1.757484227121974,1209.0545960048937
366,0.890118279389225,0.8258786942373604,247.19190435841207
367,0.2416901388682097,0.5512724611198674,458.6276120771612
368,1.959823585011844,0.3431344513724567,9338.297346164203
369,1.602671206928353,1.5639570782024863,216.7511747484241
370,0.9781930831181364,0.21987280313574,5212.300327296247
371,1.9260324366789008,0.366676437810535,8611.970450323452
372,1.6228044572301583,1.2717243962409044,319.81184151307275
373,0.2978719287798401,1.5184162754277328,2687.081763410685
374,1.7937321941138529,1.6415061030488576,215.44094186998646
375,1.0426399997116835,0.471587008193424,1702.2033332952658
376,1.650857558276296,1.1818557477454172,424.03532130060313
377,1.779179751840391,0.2923065092068611,9788.880040042137
378,0.5508699754438044,1.8648514598099464,2312.327837431547
379,0.2410239809019083,0.9504298122497898,1471.3045861394876
380,1.407439859784405,1.1282771920638195,286.1460561043209
381,0.7973539654762414,0.8357308409781989,220.73589896182253
382,0.1113472045201533,1.9149395602008732,4737.062070169129
383,1.958990864968785,0.299758170384016,10922.213408744894
384,1.4565326772810854,1.1733746926772983,277.294619349015
385,0.1354678761205663,1.119465193785268,2512.3379545919565
386,0.9826584535763389,1.5409781552363238,644.0016293199402
387,0.1218664561204274,0.2152003794410338,312.6222183564468
388,0.4972760227982022,0.881152951718601,516.1337447052497
389,1.5281968636196912,0.2139886263987696,10553.573258670798
390,0.8356711100597087,0.4968657190067653,843.8331593892664
391,1.8654312993165765,0.9014735880312474,1561.751394309396
392,1.7589894418382612,1.7082976236944971,196.2338364756734
393,1.5584445799523026,0.7198576869071192,1710.3396602803175
394,0.3549693531877276,0.650408000173679,376.4152946823919
395,0.1524314790606542,1.7863313619299104,4215.754444220876
396,0.3394480048729573,0.8824390698196027,935.1577474240936
397,0.3713210841756975,0.9955598435014212,1041.5024784101506
398,0.6638336068650084,0.2034063791435149,3118.6573457657078
399,1.556380956782134,1.9317998195072748,396.89325879574784
400,0.3167906982216375,1.0582455852069292,1447.4654986031808
401,0.2687222481441258,1.2114771239471196,1983.1909609943775
402,1.8284012541124024,0.6718384425374095,3035.5549888497135
403,0.9221147380315576,0.3362417341020636,2593.443145384164
404,0.1182038224686539,1.9447911688407156,4810.891116250973
405,1.94863926287786,1.1620588079193306,811.4475413871444
406,1.8977750685673775,0.640502941506631,3614.5180651710652
407,1.6709472472472306,1.731324029729087,234.40850947159493
408,0.7408662848701062,0.9882315233085128,305.9385213170828
409,0.0749739578289094,1.1052378091181516,2761.7739788635045
410,1.993462382255785,1.242628521034777,719.9974745247575
411,0.4333463817483396,0.337401606276773,482.520989215518
412,0.6222577151435893,1.0524798661272146,581.5777645528609
413,1.6699961607925562,0.6290681732858181,2725.3134496131215
414,1.364378688108797,0.5058818613802356,2702.7284829160426
415,1.5689348845983242,1.133423697035349,415.10720303891145
416,0.4207797234781709,1.3503128688304875,1630.8268065488799
417,0.5947761283014896,0.5812476088576461,250.1925027693958
418,1.743795913754393,0.7283936271415139,2262.759138629725
419,0.1145370695689491,0.687425589039913,1218.2132167586194
420,0.4852202967903893,0.5341942204639091,226.99723190375514
421,0.6386558583454518,1.253870720221722,876.0495930483729
422,1.6682397170074743,0.9622176516205508,939.478028202942
423,1.749543515707654,1.4556662020097395,238.16745707941516
424,0.0476461593801742,1.4835176448555638,4071.740765917536
425,1.6498649197025053,0.3981524039730316,5920.190377385024
426,1.0337938488037486,1.3814882744156602,409.33889961422716
427,0.4893966389604542,0.8119979432114008,436.1023475973291
428,1.1210205598856118,1.0299285048039153,223.65205198617824
429,0.7139028768558158,0.3878237092088355,1131.280812955565
430,0.1772005658915076,1.0092126393518974,1954.537896450983
431,0.053814353466199,1.993878475964448,5481.516903386409
432,0.1365680375552682,1.375970288451292,3126.938644445008
433,1.389162658028017,1.6389906464564028,322.5547662496431
434,1.6783213317297545,1.4295872979042872,235.15350806313455
435,1.5499036735570184,0.5494009570534072,3006.3485704670566
436,0.2799118505411877,1.1308495747392189,1802.6354245910964
437,1.60546277307368,1.4537850150525375,205.44468472255326
438,0.1678605457082376,1.917808829960256,4454.485362135465
439,0.2150798652444441,0.7322425619466646,915.2459042380635
440,1.7235515101672374,1.5605338747110016,210.63170146554216
441,1.303958706074151,1.9759575552927109,692.7679780938681
442,1.1876379807626667,0.5224207552260585,1781.050463124802
443,0.5235581059008225,1.9380248701757727,2645.0731047312447
444,1.4616508406833726,1.3702029668022695,205.1489670923307
445,1.74409034714214,0.8837578107633668,1411.241855780238
446,0.3599329092993319,1.4695076225403363,2199.74279039073
447,0.149167012724958,1.16615231740278,2556.917898984816
448,1.870995812130488,0.7278597507352458,2567.4710797194493
449,0.8516959516922229,1.2210247400671757,462.814693942746
450,0.8361635890638108,0.4702945007241277,995.444748958367
451,1.4456904421122,1.2299033518208426,249.53932417391934
452,0.9601313874833984,1.849672603488684,1147.8880651197055
453,0.2355609486909173,1.513260039468438,2982.5934930692206
454,1.3887775106647808,0.9563646343137058,511.2484334589002
455,1.5602870637367758,0.3752151500446529,5649.819092090411
456,0.7077728381016948,0.2014210380655442,3442.182027190632
457,0.7073037461469474,0.4996105152894317,527.3423936038859
458,1.3342145621203956,0.2831551097534304,6348.064334342001
459,1.5944397548732503,0.6680749584234775,2181.561472785009
460,0.4850875290931267,0.359649335526645,531.3005425671547
461,1.203295861107881,0.4472011001259611,2584.2940033980663
462,0.1442291814601473,1.848076786932616,4448.755552447175
463,0.43535450794316,1.9616772213699705,2896.9715903243523
464,1.964282170820808,1.376568195549417,447.37681523848437
465,1.7712039304318885,1.8137718927944697,223.39139572679233
466,0.9793773144900078,0.9624017251741968,193.24444709508074
467,0.9467575485278844,1.0656937950803431,235.41907340261585
468,1.7191155151312014,0.2928832625544829,9354.299807914891
469,0.2200392201637422,1.3272807758797105,2586.487755167718
470,0.0020859380873077,1.4604932735681095,4498.122502775282
471,1.8153375319024552,0.2344915397403607,12698.353112567695
472,0.1918316703393134,0.3014749825150496,237.37596586679854
473,1.5674482896150972,1.8829829913399356,362.01343415697005
474,0.6400138322205724,1.9159930273336456,2076.6383128245643
475,0.0583954468974829,0.4111110169762114,555.1679576355565
476,0.3445149509847676,0.7687585162755735,644.5344827336031
477,0.8106427810563706,0.2394853578035554,3432.3531563243882
478,0.6903307143898934,1.1566637964366164,610.6735889069497
479,1.5457332747009438,0.2269305152759716,10392.472794186771
480,0.9378651820807706,1.2227773326361713,360.0665603366107
481,1.5238230048361503,1.0278620280148705,540.67196286122
482,1.4156217945851473,1.1524772667374412,282.00635470608063
483,0.0759741133332769,0.742775249721054,1566.9315941733014
484,1.4060406438415247,1.8159343319353272,424.32272485148604
485,0.3840000650783883,0.8048303605268636,586.8677528476405
486,0.9027238991233386,1.1007779342741015,274.6349791584712
487,0.4251222374678798,1.279291647958411,1565.675830801659
488,1.4076409346202967,1.1433830850390132,293.8004405374853
489,0.3942414839830972,1.989384566481168,3310.838986840484
490,0.0948011433894018,1.8618916489071085,4752.773272705007
491,0.4091198649733065,1.5545509389718344,2213.0408688308107
492,1.589893438299671,1.9404771641905567,363.36566905714005
493,0.9134241844765524,1.7615590560962695,1096.2689934034786
494,1.4198170007379958,0.3979056259135713,4449.716230208219
495,0.9290529841975604,1.3405609940034389,496.5607574818778
496,1.1764675830566569,0.7464772042388068,658.0842711004335
497,0.6236538848812134,1.6713316948346522,1718.9584373380917
498,1.6664815512574698,0.4890077978898882,4539.970722974555
499,1.2242895513921688,0.6969522936605893,948.1975530389029
500,1.880779621269988,0.3265803261006342,9684.79284062533
501,1.635742581842016,0.8811426427288997,1096.5642237611332
502,0.7146162735851003,1.8181421690233417,1645.8154466370538
503,0.7335776378538448,1.8801567493288849,1747.6206538230756
504,0.389652633673895,0.5958324345161001,312.1617201549964
505,0.3570359559237834,1.8835302105294087,3253.619023766908
506,1.453253613128345,1.1138831705232544,335.61193336018687
507,0.4763769398370072,0.8938865824292359,588.8197493408297
508,1.597371975841989,0.3697062689938487,6278.603350383288
509,0.8441206269230517,1.6458268579891462,1020.3194757695426
510,1.531806054832491,1.3473308768610524,213.58756373492082
511,0.2308672961982951,1.9979736751296493,4179.458722663375
512,1.1858840939429611,1.4441446587737947,321.1657307301912
513,1.397532983583076,0.3822106838661692,4647.214886260536
514,1.872697381636004,1.3463306615614763,444.0146065811066
515,1.091699070973974,1.3155849786210096,306.9048606203043
516,0.2180031769282364,0.302817211417801,265.11321833003535
517,0.5909700937383988,0.702571302132587,221.38347875487352
518,0.7458607203206395,0.6300931039550819,307.11446685335113
519,1.832525543537236,1.3232187912070723,399.03281944132016
520,1.2511515217781128,1.82621612754536,615.7291383483279
521,1.200772434638125,0.6634700355624071,1027.8969888719773
522,1.5715271821031596,1.3135080102340435,256.184217499252
523,0.7440411948327421,0.4376489718782642,906.117392873137
524,0.5318291597580629,0.8461699611384166,431.50667797568843
525,1.3432599136980463,1.6506952709341478,337.7572901497755
526,0.5575371698309495,0.4592049589109723,357.75057704144353
527,0.8112197457058492,1.674955202909072,1164.7342774136903
528,1.6562499808092492,0.8057524076293865,1558.971736090229
529,0.7057040168382405,0.7493552540523283,229.02292815637782
530,0.3442052123716166,1.4845076097641632,2417.627341897088
531,0.1430204531040739,0.3481805803375843,252.66178683890703
532,0.3851473418162943,1.8778248444200736,3098.826348006552
533,1.619699187072596,0.5303202568635021,3557.385142956006
534,0.2896662908363989,0.9401310598717658,1191.343395046704
535,0.5290524395794503,1.556952241732448,1839.3879096071466
536,0.727520596227357,1.816889043244005,1619.0365458366496
537,1.2149008667852772,1.5343657009696337,323.9432256221086
538,0.8910306853040297,1.4772067473363708,740.1607641685974
539,1.6334612705067828,0.6436210738395043,2538.793439971245
540,1.7100710726460095,0.5131131700827938,4416.594973824296
541,1.1585096032062845,1.0258760626688717,227.6929554798929
542,1.543773188190802,0.8146405292688879,1225.0724283775987
543,1.842635936030457,1.275176812953424,490.7535231017316
544,0.0296031505202256,1.0115166499741142,2763.9495781670676
545,0.5229599747652423,1.913572485850592,2540.3852751904365
546,0.0139941371131004,0.5852505170174807,1438.0950876845611
547,0.6262130859310184,1.8378303590534848,2025.721601235736
548,0.337678195471734,0.7284753704349318,563.8555171723605
549,0.5616762165415945,1.1390644836134445,875.301770945991
550,0.190621910527885,1.085494347671859,2052.336603444954
551,0.5194237303486646,0.8120812896348206,403.5208055886497
552,0.0131031866359965,1.2830832879739242,3980.7803638501523
553,0.712078771371391,0.6449133250307814,274.8790777355195
554,0.0503484539740122,1.7134070983228566,4772.101985271672
555,1.4165497517692456,1.5898715446998395,238.4860015139103
556,1.5873823945319958,1.8953578888947629,355.0935198315375
557,1.6801960149449422,1.6841786518021886,211.11214802797275
558,0.6927970708163431,0.8385784209687706,248.53962989201992
559,0.0231384934150575,1.415526847399025,4251.491224296283
560,0.1852542083462027,1.306612378083335,2717.234139413866
561,1.4433486437902094,0.6141380313019675,2089.3924351283686
562,1.1330483518115384,0.696650954895778,701.9509871596975
563,1.3491843084867947,0.5583794513116109,2214.6857089941614
564,0.9231721775353434,1.8497929568702225,1174.5334423216427
565,0.3572219266823824,0.8452154747831699,831.7567248863713
566,0.2978984193118374,1.9221273321447356,3584.4178050854166
567,1.044041520760988,1.2195088216227887,288.6993104449828
568,0.5062869909683552,1.0362881925742258,776.1662418458765
569,1.8071531853821767,0.212527282837717,13929.009009560525
570,0.8764649767417685,0.7216640093925173,319.6381145057658
571,0.55540569693235,1.9736594671306888,2552.513411264024
572,1.1725617078425592,1.132958508798421,211.43312446833195
573,1.6859277132710442,1.1787525418384492,477.3324526276465
574,0.2327346175568627,1.7723432837111088,3696.974221951624
575,0.0541377982475606,1.0617212249826615,2749.5855041047303
576,1.2121999011271485,1.9289663660265528,758.6630157712879
577,0.6671117542836253,0.7745944566408776,219.7956074111016
578,1.529074695589478,0.313140279484687,7004.002451053116
579,1.6385412272924944,0.3707887605134895,6582.662102450919
580,1.59096033470873,0.4279905389439679,4913.220583947474
581,1.4410107284699445,0.3631881703949748,5248.790660999973
582,0.3001751796066016,1.7193268696257384,3151.783450669179
583,1.7500492251287538,0.7740525116929926,1947.7519751231537
584,1.0198246049355986,1.1141084246273347,241.49010428900405
585,1.6654338675560258,1.7634752573891737,223.372948345457
586,1.817427247107133,1.8468148100146795,220.63955486349448
587,1.4480989604618604,0.4670453212953792,3528.0891661532905
588,1.1283809035372698,0.3783747938787494,3068.198725172778
589,1.626681606997405,0.9059036856449952,1010.305138054047
590,1.409386769517059,1.8279473403737312,447.6198555298779
591,0.2242176965153264,0.2151985427829326,512.8346889461669
592,1.269840795436382,1.3184649147720373,213.07979634788313
593,1.2236989765763813,1.8816001067607009,701.1100131139881
594,0.3807079912010298,0.6303559142556272,325.72496822011186
595,1.839574354733502,1.3826980419942865,346.1444763465995
596,1.7832646041334956,0.6285408838382901,3194.8139534539864
597,0.160335004745405,1.2541267646643273,2690.8252536328296
598,1.625570377097756,1.3744440844256185,238.44276333655182
599,0.6555237289811788,1.2663222708602675,860.1810360725589
600,0.6045637351966251,0.6955275866085956,225.41165345011257
601,0.6288139293891548,1.9679234952650624,2173.7881303677595
602,0.1663546776211364,1.5482754037307913,3565.266284613602
603,1.5132502370850305,0.2553257805726389,9051.562805119445
604,0.2595897356600372,0.916656507886225,1365.3815530633897
605,0.8408055054509329,0.6714109096959118,348.93141100452897
606,1.774383172372078,0.2642454185017663,10728.320295247879
607,1.0554052387701685,0.7534161014938219,489.21259263702865
608,0.7231031720970778,0.3055440548476914,1882.2741437732768
609,1.709996781508463,0.6343319859482169,2880.5835614774137
610,0.3672093148922506,0.441934060687546,230.07435319545127
611,1.97008361598301,0.7416236843825015,2955.2775906716347
612,1.912630246267342,1.756454125484249,206.75516345832764
613,1.440950574640446,1.505793825235216,226.29013508926855
614,1.4621826213687854,0.8095590376895188,1002.4985635735184
615,1.87421583086105,0.6413678595011099,3420.073212631157
616,0.5502951129474394,0.5976426949798358,224.97902002579153
617,1.1176898686555103,0.2889192676682444,4654.19310856451
618,1.901381874831831,1.3154690148672346,510.40105939295063
619,1.0737805051307794,0.6193672197221969,886.4908123466078
620,0.549268054791495,1.9579192853239744,2542.4600717619082
621,1.3043142891411743,1.813543609995946,514.179727848818
622,1.3833528348228188,0.7619703188532385,1007.2547132413748
623,1.2168345472206012,0.8563489282830514,479.97588545736136
624,0.9966569954029914,1.4027623660533293,504.00340209353095
625,1.3643406942970666,0.7342193964488912,1107.0397833898257
626,1.6957889267364106,1.256192163128556,380.38557959657055
627,0.3644878240706597,0.2837318827312842,581.5316579518568
628,1.1938680636655783,0.3388616193396376,4123.979002490785
629,0.702249831102217,1.0239031229317042,392.1766742753187
630,1.2250912408425476,0.6571610693039049,1115.1126696494202
631,0.8114925373581832,1.433611456853687,854.235310979265
632,1.7735881753894158,1.169271435438235,602.2171898218135
633,0.2844438148789474,0.5126113488075703,312.68894786750167
634,0.0858707653150385,1.4619422331602774,3814.8844777159284
635,1.2763698800148355,1.5643135790600136,343.82178211987247
636,0.6793279966058967,0.7788738386500551,240.24571855138777
637,0.8244056300603233,0.3652191555619384,1658.7305773961937
638,1.1366622895665557,0.316125389955846,4254.304849505498
639,1.8213492596120129,0.5037696077787861,4888.443067414887
640,1.918401668050937,1.8682325655384424,213.71708130146442
641,1.3906499784631583,1.455254228664954,228.578972872826
642,0.5682833578861721,1.9217752232295109,2322.0664807747225
643,0.2502832055856803,1.2098657173915628,2203.8159643566573
644,1.2086452381727228,0.4099728413148065,3152.4685472386036
645,1.7042625312626634,0.4146237523586408,5867.022570061089
646,0.6663023383918605,1.7728493171196047,1746.1958988825907
647,1.463024655335336,0.9287063695991484,656.6151711251619
648,1.9990221774933117,1.083975154479884,1194.6859966621053
649,1.6890981429355532,1.6020456594192607,214.96328079977602
650,1.8380129801855627,0.4537617041721754,6088.943083829553
651,1.3418901852419458,1.2272973354118146,233.56368346661353
652,1.590765128948597,0.7475308873802313,1634.1360772065138
653,1.415283295166027,0.9102340807947724,652.727797881365
654,0.345971665562748,1.316080776686415,1938.9539946170955
655,0.6630981829561469,1.4300939506314057,1120.8937115407393
656,0.2662800595717405,1.656916006466984,3269.122517600206
657,1.558559923548429,1.223155222450434,298.36434174692107
658,1.1891750791567328,0.5910417920896387,1347.2291581554705
659,0.8142727532820893,1.7332631961121294,753.3734248554642
660,0.9346734298099808,0.7013897093858203,403.9046424572024
661,0.9908293240214376,0.3458305826888179,1886.7757245109153
662,1.1418866329118895,0.2019023639296299,7410.230306217995
663,0.569165092521736,1.5011211490817014,1276.0046436916527
664,1.337131900944058,1.1788162485587717,219.90634477423004
665,1.7241850502558225,0.2454551271576622,11303.260954693376
666,0.8113001826316046,1.3423742349372565,685.4237325880547
667,0.5314986348101045,0.5696530642232484,214.5905266246033
668,1.8542617223724571,1.870953169969416,230.4957854293368
669,0.2973277820009194,0.8543533498565039,954.889853854555
670,1.6647734806017438,1.3631184122548312,286.8734540424087
671,0.161183031635268,1.0062385857153,2036.323926255757
672,0.0405963078690407,1.3402182228659132,3833.206147388434
673,1.0753029565842358,1.0678577292942724,104.14974818521632
674,1.150410215240288,1.5016898189019456,417.9428425128649
675,1.2030829231927735,1.9681046568833316,830.1918695577475
676,0.1340348028600506,0.6739457556508301,1157.149908695927
677,1.0719487756463748,0.6783166979409592,663.3117291868004
678,1.490989129246987,1.0176881728421905,548.7811577906579
679,1.0684647067986266,0.2277648310189924,5781.991074818507
680,1.044733140182785,0.9492633433019972,224.74337257700802
681,1.343723647312297,0.6959841192918911,1302.4421078619491
682,1.4575360908924997,1.0914825323773598,397.6220928458169
683,1.7476211921665163,0.2693534512469887,10545.250196556899
684,0.2753267408482707,1.1841332658729962,1946.6428847546058
685,0.2143662346231039,1.9031411595442869,4038.561339813825
686,0.0011959512186492,0.2297713007883396,264.980881956724
687,1.94826668899291,1.9280513625386488,211.35062339151108
688,1.2852904159566232,0.546660027115297,2057.8763261096365
689,0.7994244974763012,1.309963035709079,668.4639242653989
690,1.071785795036458,1.141280721847453,220.46861271321342
691,1.2734593894893458,0.566504723187357,1845.6832907610897
692,0.5467196049150398,1.436908834820086,1505.3583010168536
693,1.412779027745664,0.3965813113232117,4383.752841073314
694,1.7465530043839892,1.7157159276824112,201.2884142876775
695,1.5948529959959377,1.1659772791752212,421.7626172137605
696,1.0017749244623282,1.2518861062526168,331.00631910894265
697,1.0220856333608586,1.2073369443984203,317.0219246578954
698,1.978107709551388,0.9149760366124862,1776.6472882781018
699,0.8150281305320723,1.8949491113911767,1580.3486972698802
700,1.230676190697183,1.508680395906257,322.3723409285827
701,1.721264434550489,0.5721631396390287,3476.5022204239813
702,0.9308972893806664,0.8789934607814274,225.8584067986994
703,1.2829014492382005,1.8282360729149305,573.9640230578212
704,0.2570203140808096,1.7319774314547465,3492.202227271727
705,1.9162547983278848,0.3959595259214823,7737.90072600494
706,0.8915558025480468,1.9053941850856968,1353.05887503922
707,0.420151990982385,0.4612812092596015,240.93361233694807
708,0.0121654900939605,0.2119669355628144,259.2548729641293
709,0.5180027796916638,1.447760078882269,1578.9791928732154
710,0.7820388870367532,1.441638824139645,892.0983191605696
711,0.9780550725620109,1.1862544849877392,286.1188706561912
712,0.671949589120499,1.9429501136059504,2038.101483346515
713,1.5558857501310837,1.752877222267527,270.4933371163741
714,0.6321039695260244,1.2312966591810963,913.9411021304632
715,1.8037450975587943,0.4176611527575261,6505.011434187807
716,0.6991313032725366,1.0116417556625323,415.59997634605196
717,1.5848676578253993,1.7967270780381657,279.60514913369093
718,0.8097794823412867,1.1218367334800792,408.5554843001597
719,0.1931721423057093,0.5366247825769849,505.30801531021626
720,0.399293703576014,1.073538352375487,1237.893108647823
721,1.3501454188001831,0.91091217501781,542.963216517259
722,0.920152733722841,1.0117715825680071,224.0378214130737
723,1.3658904882022496,1.1646523752109084,264.6637645981909
724,0.7160037584438952,1.0879623800858291,445.6132746727987
725,1.0546300564683466,1.4507759582733846,431.224975174839
726,0.3650510812906096,0.8052948132249707,658.1691325249074
727,1.242463478897721,1.4896648721285233,318.83016328204735
728,0.5865798754767877,0.5158658228130503,307.74721263291804
729,1.560688393198227,0.3551160802254319,6141.806233655989
730,1.397498370877537,1.3321013805998425,216.1019712767121
731,1.9565246246675372,1.0541009768558505,1156.5456868947047
732,1.7872376961467298,0.958946342221246,1151.9654385354245
733,1.7374912024517453,0.3826972090691754,6843.808661012935
734,0.6501136423637097,0.4206260639118613,737.3181409420769
735,0.7359331666533109,1.5800254590107037,1278.021084435766
736,0.0132563565861156,0.6960911900738869,1885.9415801121977
737,0.5180266423496647,0.8969948498561728,550.3089146145326
738,1.1218240419758752,1.856966200117075,794.6822814687125
739,0.3916900197058965,0.2521037507274374,889.206055387587
740,0.725143873247935,1.1367647715271294,516.7307129937728
741,0.5179338179313069,0.3375851889501697,787.0362139574071
742,0.6610171110860881,0.9263253882665764,390.19312643345154
743,0.916303027223022,1.6538655633241728,922.1934439390732
744,0.3580416483960353,0.925385876455699,1069.4989069540388
745,0.0123420300020509,1.7512932972307909,5319.446850553138
746,0.0910093513081087,1.6299372877300145,4168.994485315188
747,1.2886052464371496,1.0733622763973734,259.84203320253255
748,1.749565941750454,1.5342394890204212,233.7663963397705
749,1.4459995769437426,0.6427599326136708,1840.6634559257534
750,1.6812172586471763,0.3973260035348074,6142.933175434117
751,0.8579646502347129,1.5046081252216246,816.2218082813556
752,0.1058499380252817,1.4184336069054126,3597.742570164267
753,0.837519558212966,1.0647262786891596,290.28322548290794
754,0.993238491704594,0.6607249840376117,614.7001225233204
755,0.3406608091280205,1.1920420052356389,1681.3747146565904
756,1.4132817488389673,0.786459623768462,1065.1726350196564
757,1.372677935942557,0.3170851569671046,5820.271591637073
758,0.3396473505772728,1.3591654786925929,2116.6599166242804
759,1.2583359313133904,1.185528234388146,213.89328266502946
760,0.0376907122176086,1.286565299498032,3562.307725773667
761,1.0230492186416698,0.5831083337672509,968.2737196050205
762,0.7743622238919201,1.920660673942811,1729.1897089599179
763,1.6527998235459231,1.9226363730015292,316.30958490545225
764,0.1533423483547287,1.8055629740761048,4156.300655027806
765,0.010710986309673,1.8764527006801133,5576.509951061274
766,1.5095295768112498,1.082513625634736,444.93375875271
767,1.652237689342932,0.4211441608251115,5507.142619069937
768,0.7300965704083877,0.7848690966845424,200.76847634789604
769,1.096216021428435,0.7114988383910263,648.6358158361571
770,0.2564604758665836,0.3814354501869974,220.5558666230491
771,0.7712534445891512,0.5363379959082463,551.8860638224688
772,1.0978503387547456,1.7232296634982152,657.3360705007565
773,0.5949634235119956,0.7575873083472604,263.4939276788115
774,1.7105232308597071,0.9375940073360842,1137.9032813231993
775,0.4475372848400933,1.3714592530258858,1724.9102396037692
776,1.210415775298204,0.8989917876756599,433.0867540695187
777,1.4782406697837636,1.6381286054760755,273.22823442061673
778,0.8805839830088085,1.6138916590769603,969.743683553811
779,1.1809481826171608,0.8699168856054944,419.6722575888074
780,0.2411145530881213,1.5492575103977548,3077.54663505131
781,1.7714509056177927,1.4699205456795417,254.3174017413985
782,1.1350210750777696,1.131380441367743,206.37988038293724
783,1.0331411036333331,0.9276900875270956,224.80120526026775
784,0.5317849650153297,1.0954283801073288,797.8034854238414
785,1.5676192833020537,1.714047167430087,262.01778114342426
786,1.365741231473466,0.9856969150523628,446.9707896326945
787,1.72785238912781,0.5831538843704933,3492.282113916527
788,1.5728174090973754,1.225091537430584,329.08023140169195
789,0.6412812773494547,1.2496187507909613,888.324038053973
790,0.5071168198206373,0.3101100296199856,935.8616353972468
791,1.5204715435824905,1.0923872393113787,421.12352246419
792,1.8524722760278924,1.0481852676937364,938.1655221835058
793,0.1999560116198444,1.3477279936566549,2706.287958081455
794,1.783036243172012,1.8021606135687849,233.33319436280374
795,1.6460048024831633,0.9353748599391124,902.3724045774851
796,0.1267837683761885,1.46573940516419,3486.001770031406
797,0.5876311398001364,1.3567150468574596,1229.1555683788067
798,0.3308114301670244,0.3104036100676203,400.2935620006969
799,0.7530780849347809,1.24945876552313,655.1230636568105
800,1.4532266028306942,1.52918126705787,233.92532079293295
801,0.1652775695211579,1.5645082304570923,3554.4167902460226
802,0.5553335143442646,0.8756730530472936,431.04652566418855
803,1.1752370325622603,1.4406343956100351,336.5145688152903
804,1.6469792647662589,0.6013600878699534,2866.3219443692246
805,1.0513620852361232,1.0283284854529673,224.02485141480147
806,0.4165965959126143,1.6752100087173696,2462.7406828472504
807,1.3508677055737888,1.0663668257958654,305.52012159802507
808,0.9798557960116738,1.9875598556881915,1341.8542286327138
809,0.385556727712776,1.3344180113604214,1829.3246360590988
810,0.7028722989274199,0.3295801377170783,1494.1678835148662
811,0.3310962216514974,1.7727160226512668,3156.8366447264616
812,1.4425081611528332,1.9659863351245184,490.9043909168993
813,0.7877362073845411,1.4436920291150983,867.5318312222203
814,0.3675719946392279,0.7705686358775501,638.0908426936924
815,0.8711866158330328,1.739252711200011,1154.9367753870274
816,1.5683780297895284,0.9762393313850382,722.6041634422073
817,0.9341619156007386,0.8454505124326044,230.07670320678284
818,0.5236662676220019,0.7056659023745784,260.42043204508485
819,0.4626561596969241,0.92651838836067,671.0308168491465
820,0.0761679009635065,0.8946344522132543,2077.4303680551475
821,0.841620245101218,0.2372907601786447,3714.5464766449904
822,1.458882823142294,1.2673946777055916,222.0711678392832
823,0.1142007250859531,0.3244868186825807,265.7591094745221
824,1.9687179543357016,0.2327328145412808,14313.554013241304
825,0.1718491999548166,0.6409744669040852,797.9485666167209
826,0.3751340428615064,1.360478682564903,1886.061896481832
827,1.0483149519006354,0.2163826445593925,5905.233878285304
828,0.9807848972544456,0.7201901199413763,398.47500635395755
829,1.4809433752957029,0.2774127966041008,7754.482728463093
830,1.646304906833398,1.8718244016346373,306.04556449817005
831,1.2634539379038556,0.954718755598873,373.20319526619
832,0.1995838187886414,0.97457779006895,1623.5088622323901
833,1.9857017760181304,1.187256111519403,802.5289511819312
834,1.694115947465912,1.6975497067460228,204.81441464736886
835,0.984537033677204,1.1198921415930765,256.42225571678506
836,1.5124530455106242,0.6859400042829111,1792.5459639723958
837,0.3380981024249472,1.7470096952288474,3010.2003130350718
838,1.111035196656895,1.526392537996309,502.9734791577666
839,0.4607023543634241,0.7051035578840243,334.3748199135791
840,1.3686528802337885,0.519106399984731,2630.0693926452127
841,1.441756832444106,1.3279216096410285,208.4236114973052
842,0.2813079728917402,1.1142748349431668,1725.793491992003
843,1.563701015890394,0.5518065475337304,2986.3632386918935
844,0.2863189592791195,1.4843731644453004,2726.212663864736
845,1.277515436412269,1.8312776203664376,544.1350655929202
846,0.5736828637508815,1.986250675609849,2513.1534428432387
847,0.790955564888534,0.6606127658264869,327.78780532728877
848,1.5909695654983371,1.4145027166588946,227.83883587815916
849,0.298239851429426,1.739316360473836,3336.179742075913
850,0.9601784912135504,1.1799367194132433,290.7728153339941
851,1.0579440394366384,1.5303344449662826,521.2204589450794
852,0.2846447768771507,0.5877942329732384,419.6944767447271
853,1.2722499920257666,1.4351622000876656,270.99939378788775
854,1.6040321250561675,0.9519815599547512,837.7854804633254
855,1.0057314114584748,1.627040793148897,726.3487792927814
856,0.5270386225185286,0.6722557089280385,234.7908314754643
857,0.6921152044291603,0.8851014407643758,300.887388945825
858,1.932198769890331,1.1479042349717323,901.946624625027
859,0.9308357723829654,1.8350795552832813,1169.6027217801757
860,0.9390674442878332,0.3968025420343853,1972.5546463282083
861,0.2916182002868956,1.2116333501089382,1955.0590801075643
862,0.5890243538930309,1.4921987341263234,1527.6778356283814
863,1.5767099729789238,0.6062970537120681,2642.2442888619703
864,0.8396712807357158,1.67471024337273,1120.2744754955295
865,1.199040555552651,1.8389740880482623,677.7956154919358
866,0.6278930930035831,0.7571409566023437,236.65307627062992
867,0.5361577376007132,0.9693490875563036,632.597274881719
868,1.050217392949496,1.1227332224472175,242.28343436839282
869,0.7523072956578176,1.500052124133473,1076.2778543023433
870,1.928086461331448,0.332545240480367,9681.599364050437
871,1.7454324792572602,1.821129160633853,231.7826386166192
872,1.556258469664372,0.9171413052462114,896.9503932069583
873,0.7810964279417816,0.6294296566372747,337.26705778555856
874,0.4363947169170348,0.4059458479562413,335.1171961916538
875,1.535866884322115,1.1480266996950326,363.96496350230126
876,1.7174261826276014,1.972372084827842,303.34859704174164
877,0.7511512684835482,1.4726480146292915,985.9087452845279
878,1.163232001696451,0.5674820667518374,1414.5116291884353
879,0.1533395114270135,1.963196110252696,4670.901367004286
880,0.9080293349682004,0.3490907448078643,2334.5998625817333
881,1.7822114940203173,1.5472706638515337,221.23245577250273
882,0.7979043866888729,1.4340371460212893,810.5421470014345
883,0.9959327909599154,0.2731877091915288,4061.187088951109
884,1.08888008601385,1.5865854542193003,505.7322318019002
885,0.3928094598168752,0.5315172879344967,235.2680144346234
886,1.3405785421276766,0.3795026803274947,4376.565694959091
887,0.8985046718115104,0.4112788008302014,1615.522383680984
888,1.565640448267548,1.5820903206867512,224.55080530577195
889,1.0404966674783116,1.3329239831818036,344.06530630373
890,1.7514557896553822,0.9730366410501494,985.954767564663
891,0.2193173592835606,1.6442902404199824,3452.311445532647
892,0.3271463203132203,0.8278602495442462,826.7409248667618
893,1.1603338514937616,1.9133008123758617,871.1186523225582
894,1.684282776315546,0.614959007310448,2915.1682016558843
895,0.6541009647617733,0.7349562035066677,221.87342991525716
896,0.4626270076063576,0.4840066478121794,246.88721964589163
897,1.1550844489470615,1.0157630809437397,246.2956610037844
898,0.2538636251212856,0.6020171788554775,520.6366917089343
899,1.3701732240364544,1.3458433635691929,212.42590645457906
900,0.988591768395287,1.4770866605792763,556.0728683080912
901,1.7487485648319694,1.1959264108223406,497.97500543238107
902,0.4902135171634254,1.5784976963127282,1997.8969031199317
903,1.7433268586453357,1.2746794436643736,398.801321378482
904,0.7136644937323207,1.1800333496011557,574.303115712789
905,1.3601256728294937,0.6797830526968476,1429.1528957995743
906,0.330454761050829,1.1626954369487303,1690.9501731699013
907,1.6832824552542929,0.5269153551843779,3999.088514126171
908,1.160387801017864,0.5563267683392286,1458.5483467874901
909,0.3368415561824831,0.4167037288383243,235.0770734869137
910,0.0203791733415472,1.7039738126064183,4844.76885486758
911,0.3411419152667854,1.147792040025103,1570.6552653304539
912,0.5265946642641341,0.4504015327341042,355.9292531274619
913,1.705703265319762,1.7005606095537202,206.2450492907909
914,1.652195537253082,1.1922974647173117,422.23711743308417
915,0.2698399205330735,1.850842242698883,3592.1001245035
916,1.7178657537789002,1.1658995679911293,493.4061822390414
917,1.116651759375961,1.6787205869443491,580.0089594907051
918,0.8819553041947599,1.8554172660302852,1368.1922528545638
919,0.5506922652705848,0.9068917115490482,435.68227605386465
920,0.1593109307911442,1.1203233684176994,2340.682395495107
921,0.2592939321373793,0.6981324782132878,737.5049611417927
922,0.8829133147353727,0.6156311608529342,539.1607010757544
923,0.5871588653281361,0.7244457023560524,242.3653170509875
924,1.7176040872715377,1.9615453915209176,319.03404221670564
925,1.2690606381955871,1.6537252979299857,410.10440888064875
926,1.767009110709878,0.551147496083924,4195.666240012877
927,1.8748416130785257,0.4838605359178618,5598.31264851648
928,0.5081032215349919,0.5573689135318856,244.72077176056132
929,0.8406990104160372,1.509957232693161,896.6436749933159
930,0.1846679689031392,1.2425694548874746,2488.0516924186522
931,1.1917658028580589,1.4916602462655473,369.44458890670927
932,0.6650730260935951,0.2216164754045862,2680.3150228453824
933,1.7768271646582574,0.2171578533972595,13163.809680209108
934,1.4935640146576017,1.2019253358262851,288.223323494397
935,1.7014276977124376,0.4267047804876615,5630.866509719528
936,0.7699310521921388,0.2253017989675182,3520.4514930398623
937,0.5993393290341447,0.518768587580009,327.9485392583066
938,0.5750633456877421,1.7144827029622622,1900.1284436602357
939,1.0860717340409505,1.927900999931038,949.1286126097359
940,0.6668491073481615,1.57918624259,1445.44568593826
941,0.2110428493825191,0.8975652411669648,1374.9388390292781
942,1.7312000750545502,1.0532107660386345,724.3290943796626
943,0.4517778483432155,1.976434375508733,3041.3867969886132
944,1.9875517490018744,1.8542893039933568,198.18843597072046
945,0.3281082294254522,1.6830153069945393,2886.4568869583777
946,1.96350368814307,1.4743988036793736,369.2912938532454
947,1.0398549075918186,0.8895819878672857,277.1210956712314
948,1.363416156797508,1.9853259398059808,630.7518480812444
949,0.6702751312670463,1.8218884441078504,1787.5517702079055
950,0.8504120837776814,1.8315793995712053,1366.2169369787719
951,0.5201944496863022,0.5381128635186548,225.66281115932446
952,1.64607808167656,0.8618287014361843,1185.0110451819437
953,0.6364191730117785,1.5483073712904905,1369.8272788468007
954,0.6982862866242254,1.82946997234983,1737.1427118307874
955,1.1710772432000256,1.7138989565998082,566.0528316689806
956,0.0906026236511448,1.084477416624701,2573.020305555014
957,0.5639583091134397,1.0740210537129262,757.8577474675184
958,0.672029746032974,0.8140081602477653,225.50667840113667
959,0.017607925378859,0.3745236774758385,601.3282972933521
960,0.9851161789633408,0.2549178914649735,4371.88929579775
961,1.742852419041354,0.814508991301857,1661.2021975065784
962,1.6161400026815604,0.7708390551295654,1586.9335465570352
963,1.979996862326613,1.944533329588911,205.55842998310254
964,1.642267586388261,1.4834589762862462,209.05655541511913
965,0.8842144873513134,1.4799345577042933,752.3396343100796
966,1.9349246890641647,0.5789487669407059,4485.154848772578
967,0.2614142342763188,0.5737003454838205,423.9181251524725
968,1.0215185449071658,0.5049972074450932,1328.3981880961812
969,0.3550189459895672,0.5089035876940393,235.15368297603968
970,0.5356270775922096,0.6309813016310792,211.84479993684076
971,0.2632421919795684,1.101885015172844,1738.2019640814533
972,1.482550636938531,1.477556354760837,198.92627946942486
973,0.3839290377853912,0.7023210973046543,446.31778185773555
974,1.982101487831712,1.1105855920019174,1039.5250099530808
975,0.2663684995661253,1.2753523185686928,2178.297719664463
976,0.2597807995889485,0.5683154696764114,462.62200635900643
977,0.1065842490504802,0.3687892846795506,334.3570949095926
978,1.8623783495490944,1.9275347734357025,224.48808076649536
979,0.3828718680617011,0.5948243043010302,278.36078770699015
980,1.2354597667092255,1.5492350330036004,369.6835125657665
981,1.2953068746509595,0.5098090941487908,2415.2636801577596
982,0.2952333752444511,1.872660379591209,3628.073689030784
983,1.812503302887558,1.2729723484793662,433.49631037505253
984,1.5103373940509115,0.4405089525698754,4266.203837782333
985,0.5185772771530777,1.5985243354751322,2008.9263935529034
986,1.3538065760758426,0.7650455545312471,978.4594237879236
987,1.116162141383423,0.8020916774102465,447.68408467169337
988,0.2495325212074908,1.9225801355005816,3833.1984034099046
989,0.6799554484409838,1.6450910960466676,1468.6951027551902
990,0.7293469099623173,0.5685429079714246,398.5572388235791
991,1.7782466034480569,1.9561197566448127,262.2868515673941
992,1.3712409597103783,1.2535414224310155,217.4458327491821
993,1.599574779368809,0.6736930822924871,2162.9241521297777
994,1.3443543034658447,0.522233597027234,2510.4235513348076
995,1.7960260766493368,0.5572611646983827,4081.9705435284695
996,1.7838104348173351,0.237643693302479,12159.754047565044
997,1.2467817149588152,1.373815199300939,245.8258575890428
998,1.7772098933022311,1.8464471952720167,218.70284577004762
999,1.085938972949386,0.9870458964037152,228.8693167932752
